WORD , COUNT
the , 6849
and , 4164
to , 3400
a , 2720
of , 2539
I , 2059
it , 1933
in , 1866
he , 1787
was , 1776
she , 1727
that , 1635
you , 1623
her , 1502
they , 1336
as , 1256
for , 1216
with , 1162
his , 1161
said , 1146
at , 1142
not , 1138
but , 1099
on , 1084
all , 1039
them , 1004
so , 970
him , 960
be , 958
had , 940
have , 884
t , 863
this , 815
one , 812
would , 794
out , 790
up , 766
their , 764
little , 762
me , 759
could , 734
when , 723
no , 708
if , 704
do , 703
by , 702
my , 700
from , 687
there , 685
is , 684
who , 683
we , 670
very , 666
will , 662
see , 659
again , 656
down , 654
what , 651
into , 648
about , 646
like , 642
now , 641
time , 637
know , 633
which , 625
then , 613
thought , 605
way , 605
can , 604
back , 599
go , 591
over , 590
your , 588
only , 583
or , 580
must , 577
first , 574
get , 570
great , 564
more , 564
never , 564
s , 564
other , 561
just , 560
before , 552
quite , 550
head , 549
long , 546
think , 546
away , 545
were , 545
upon , 544
how , 543
off , 540
come , 539
good , 539
after , 539
man , 536
once , 536
much , 532
than , 530
us , 530
should , 528
say , 527
last , 523
where , 522
well , 521
thing , 520
any , 519
herself , 519
girl , 518
through , 517
course , 516
night , 516
such , 514
ever , 513
some , 512
voice , 511
green , 510
its , 510
make , 509
moment , 505
put , 505
here , 503
tell , 501
day , 498
house , 498
too , 498
soon , 495
two , 494
mother , 490
room , 490
still , 489
heart , 487
until , 486
always , 485
bed , 485
look , 485
many , 485
right , 485
while , 485
hand , 483
sure , 483
three , 483
another , 482
old , 480
door , 479
let , 479
nothing , 479
even , 478
himself , 477
might , 477
people , 477
rather , 477
air , 477
every , 476
because , 476
really , 475
The , 474
face , 472
give , 472
Mrs , 472
take , 470
without , 470
find , 469
tree , 469
help , 468
next , 468
country , 466
may , 466
these , 466
same , 465
around , 464
most , 464
also , 464
big , 462
water , 462
wish , 461
home , 460
side , 460
though , 460
left , 459
end , 458
each , 457
our , 457
large , 456
far , 455
hear , 455
want , 455
why , 453
window , 453
indeed , 452
mouth , 452
something , 452
beautiful , 452
under , 452
ground , 451
best , 450
own , 450
woman , 450
anything , 450
life , 449
mind , 449
Mr , 449
near , 447
set , 447
lay , 446
small , 446
sound , 446
together , 446
behind , 446
believe , 445
keep , 445
light , 445
others , 445
almost , 445
boy , 445
yet , 445
morning , 444
place , 444
road , 444
ask , 444
use , 444
poor , 443
wonder , 443
pretty , 442
story , 442
those , 442
white , 442
everything , 441
fly , 441
better , 441
kind , 441
along , 441
father , 440
floor , 440
both , 440
child , 440
suddenly , 440
against , 439
among , 439
carry , 438
live , 438
close , 438
answer , 438
open , 438
remember , 438
hard , 437
low , 437
new , 437
enough , 436
cut , 436
ready , 436
whether , 436
few , 435
however , 435
rest , 435
speak , 435
bit , 435
half , 434
dead , 434
name , 434
arm , 434
work , 434
nearly , 433
part , 433
top , 433
eat , 432
dark , 432
perhaps , 432
try , 432
world , 432
fast , 431
dog , 431
feel , 431
foot , 431
four , 431
full , 431
high , 431
short , 431
true , 431
body , 431
leave , 430
sea , 430
sometimes , 430
themselves , 430
fear , 429
love , 429
matter , 429
nor , 429
often , 429
alone , 429
question , 429
sort , 429
whole , 429
across , 428
idea , 428
myself , 428
fall , 428
call , 428
rock , 428
certainly , 428
table , 428
toward , 428
instead , 427
land , 427
minute , 427
feeling , 427
evening , 427
fire , 426
happy , 426
mean , 426
middle , 426
pass , 426
talk , 426
walk , 426
word , 426
between , 426
hair , 425
least , 425
need , 425
save , 425
soldier , 425
change , 424
baby , 424
turn , 424
exactly , 423
blue , 423
real , 423
several , 423
game , 422
hour , 422
eye , 422
itself , 422
kill , 422
already , 422
person , 422
quickly , 422
form , 422
return , 422
else , 422
fight , 422
understand , 422
grow , 421
become , 421
hope , 421
friend , 421
above , 421
party , 421
since , 421
able , 421
wall , 421
yourself , 421
box , 420
deal , 420
nice , 420
oh , 420
run , 420
bad , 420
draw , 419
play , 419
care , 419
school , 419
send , 419
black , 419
size , 419
figure , 419
young , 419
reach , 418
forward , 418
rule , 418
show , 418
stand , 418
although , 418
ago , 418
court , 418
watch , 418
wind , 418
yes , 418
hold , 417
free , 417
inside , 417
none , 417
glass , 417
red , 417
seem , 417
seven , 417
six , 417
garden , 417
stop , 417
thus , 417
deep , 417
important , 416
join , 416
oil , 416
front , 416
rate , 416
book , 416
heavy , 416
key , 415
listen , 415
bring , 415
happen , 415
song , 415
spring , 415
strong , 415
edge , 415
within , 415
late , 414
laugh , 414
leg , 414
less , 414
begin , 414
either , 414
different , 414
power , 414
reason , 414
second , 414
sit , 414
ten , 414
hot , 414
trouble , 414
wait , 414
color , 414
wear , 414
week , 414
beat , 413
forget , 413
meet , 413
opportunity , 413
piece , 413
possible , 413
probably , 413
read , 413
easy , 413
direction , 413
dream , 413
wrong , 413
year , 413
order , 412
safe , 412
shoulder , 412
simple , 412
smile , 412
stay , 412
anyone , 412
fact , 411
finger , 411
death , 411
past , 411
present , 411
rich , 411
blood , 411
sense , 411
shot , 411
simply , 411
food , 411
step , 411
third , 411
chair , 411
die , 411
fine , 411
whom , 411
wife , 411
cold , 411
lie , 410
move , 410
chance , 410
paper , 410
race , 410
follow , 410
certain , 410
subject , 410
explain , 410
trial , 410
yard , 410
clear , 409
age , 409
dinner , 409
leader , 409
sister , 409
learn , 409
break , 409
street , 409
field , 409
catch , 409
case , 409
interesting , 409
difficult , 409
five , 409
manage , 408
nature , 408
notice , 408
allow , 408
number , 408
born , 408
particular , 408
plan , 408
prevent , 408
history , 408
remain , 408
animal , 408
likely , 408
kitchen , 408
sing , 408
lot , 408
build , 408
space , 408
business , 408
start , 408
success , 408
thank , 408
expect , 408
truth , 408
guess , 408
board , 408
wide , 408
beyond , 407
office , 407
evidence , 407
pull , 407
city , 407
everyone , 407
seek , 407
hit , 407
speech , 407
whatever , 407
whose , 407
fish , 407
write , 407
music , 406
natural , 406
news , 406
drive , 406
offer , 406
everybody , 406
admit , 406
drop , 406
outside , 406
pain , 406
later , 406
point , 406
family , 406
eight , 406
bag , 406
company , 406
line , 406
consider , 406
knowledge , 406
somebody , 406
star , 406
language , 406
human , 406
cup , 406
message , 406
general , 406
difference , 406
usually , 406
finish , 406
bank , 406
during , 406
especially , 406
daughter , 406
note , 405
choose , 405
position , 405
protect , 405
purpose , 405
common , 405
serve , 405
lose , 405
agree , 405
capital , 405
meeting , 405
stuff , 405
teach , 405
fill , 405
attack , 405
thousand , 405
hundred , 405
war , 405
appear , 405
worry , 405
kid , 405
center , 404
early , 404
pick , 404
account , 404
prove , 404
finally , 404
civil , 404
raise , 404
church , 404
rise , 404
scene , 404
service , 404
action , 404
lead , 404
sign , 404
loss , 404
decide , 404
summer , 404
address , 404
throw , 404
treat , 404
interest , 404
group , 404
various , 404
visit , 404
building , 404
discover , 404
enter , 404
husband , 404
ball , 404
act , 404
peace , 403
cause , 403
practice , 403
private , 403
public , 403
push , 403
cost , 403
effect , 403
future , 403
receive , 403
result , 403
condition , 403
experience , 403
seat , 403
share , 403
describe , 403
measure , 403
someone , 403
son , 403
imagine , 403
list , 403
brother , 403
support , 403
gas , 403
mention , 403
owner , 403
bar , 403
current , 403
weight , 403
choice , 403
effort , 403
character , 403
win , 403
letter , 403
actually , 403
avoid , 403
authority , 403
pressure , 402
pay , 402
clearly , 402
problem , 402
east , 402
miss , 402
movement , 402
quality , 402
according , 402
huge , 402
reality , 402
claim , 402
period , 402
law , 402
score , 402
personal , 402
argue , 402
modern , 402
sell , 402
series , 402
shake , 402
shoot , 402
health , 402
picture , 402
entire , 402
social , 402
necessary , 402
south , 402
special , 402
state , 402
film , 402
marriage , 402
memory , 402
machine , 402
surface , 402
task , 402
officer , 402
policy , 402
attention , 402
continue , 402
throughout , 402
disease , 402
today , 402
travel , 402
magazine , 402
painting , 402
method , 402
force , 402
education , 402
approach , 402
victim , 402
violence , 402
weapon , 402
month , 402
cover , 402
particularly , 402
doctor , 402
gun , 402
detail , 402
north , 402
class , 402
base , 402
require , 401
resource , 401
respond , 401
responsibility , 401
reveal , 401
final , 401
risk , 401
maybe , 401
science , 401
season , 401
security , 401
challenge , 401
million , 401
serious , 401
ahead , 401
increase , 401
example , 401
bill , 401
crime , 401
single , 401
card , 401
agreement , 401
site , 401
situation , 401
skin , 401
available , 401
society , 401
expert , 401
couple , 401
enjoy , 401
money , 401
sport , 401
station , 401
career , 401
stock , 401
strategy , 401
successful , 401
establish , 401
prepare , 401
per , 401
test , 401
billion , 401
drug , 401
heat , 401
accept , 401
level , 401
design , 401
job , 401
fail , 401
tonight , 401
treatment , 401
recent , 401
main , 401
concern , 401
recognize , 401
view , 401
vote , 401
reflect , 401
interview , 401
art , 401
west , 401
arrive , 401
amount , 401
relate , 401
add , 401
worker , 401
event , 401
audience , 401
partner , 401
pattern , 401
collection , 401
represent , 401
cultural , 400
American , 400
improve , 400
identify , 400
skill , 400
lawyer , 400
organization , 400
administration , 400
occur , 400
price , 400
control , 400
media , 400
medical , 400
operation , 400
item , 400
culture , 400
product , 400
develop , 400
ability , 400
affect , 400
scientist , 400
decision , 400
source , 400
onto , 400
southern , 400
issue , 400
benefit , 400
professional , 400
specific , 400
professor , 400
spend , 400
mission , 400
image , 400
staff , 400
stage , 400
local , 400
standard , 400
focus , 400
member , 400
fund , 400
statement , 400
phone , 400
president , 400
discussion , 400
information , 400
section , 400
hospital , 400
store , 400
investment , 400
research , 400
economic , 400
artist , 400
structure , 400
student , 400
study , 400
movie , 400
style , 400
plant , 400
radio , 400
program , 400
guy , 400
Democrat , 400
suffer , 400
suggest , 400
project , 400
player , 400
option , 400
range , 400
system , 400
PM , 400
coach , 400
firm , 400
production , 400
tax , 400
energy , 400
teacher , 400
team , 400
technology , 400
television , 400
campaign , 400
property , 400
tend , 400
term , 400
central , 400
senior , 400
federal , 400
activity , 400
article , 400
decade , 400
buy , 400
response , 400
official , 400
theory , 400
network , 400
community , 400
police , 400
agent , 400
economy , 400
management , 400
Republican , 400
director , 400
contain , 400
debate , 400
compare , 400
threat , 400
perform , 400
despite , 400
performance , 400
page , 400
institution , 400
include , 400
process , 400
realize , 400
hotel , 400
former , 400
candidate , 400
environmental , 400
total , 400
tough , 400
legal , 400
town , 400
trade , 400
traditional , 400
training , 400
produce , 400
author , 400
sex , 400
college , 400
industry , 400
trip , 400
check , 400
executive , 400
sexual , 400
financial , 400
recently , 400
TV , 400
car , 400
type , 400
political , 400
newspaper , 400
unit , 400
cell , 400
physical , 400
defense , 400
employee , 400
development , 400
democratic , 400
value , 400
parent , 400
record , 400
commercial , 400
provide , 400
reduce , 400
environment , 400
participant , 400
nation , 400
maintain , 400
foreign , 400
government , 400
generation , 400
degree , 400
international , 400
conference , 400
attorney , 400
apply , 400
role , 400
hang , 400
involve , 400
politics , 400
exist , 400
customer , 400
western , 400
consumer , 400
region , 400
model , 400
indicate , 400
popular , 400
impact , 400
century , 400
market , 400
ok , 400
budget , 400
including , 400
analysis , 400
significant , 400
military , 400
population , 400
area , 400
charge , 400
similar , 400
create , 400
Congress , 400
adult , 400
discuss , 400
positive , 400
data , 400
major , 400
determine , 400
relationship , 400
assume , 400
manager , 400
goal , 400
religious , 400
computer , 400
writer , 400
material , 400
n , 400
yeah , 400
agency , 400
camera , 400
cancer , 400
patient , 400
factor , 400
individual , 400
national , 400
growth , 400
remove , 400
citizen , 400
report , 400
majority , 400
behavior , 400
election , 400
Peter , 399
Alice , 395
Dorothy , 366
Wendy , 356
are , 347
It , 309
did , 262
But , 253
He , 248
been , 235
Scarecrow , 224
She , 221
came , 220
They , 204
And , 191
an , 189
cried , 184
Woodman , 181
went , 180
Lion , 178
asked , 177
made , 170
You , 161
Oz , 160
Then , 158
Hook , 154
am , 152
There , 145
What , 145
looked , 140
John , 133
don , 131
So , 131
shall , 128
Oh , 122
Witch , 120
eyes , 118
saw , 116
Tin , 116
Darling , 115
knew , 113
found , 112
children , 111
replied , 110
Michael , 109
began , 106
m , 106
answered , 104
boys , 101
heard , 99
round , 97
Queen , 96
No , 95
got , 94
Toto , 93
If , 92
That , 92
ll , 92
looking , 89
When , 88
King , 87
going , 86
We , 86
has , 84
This , 81
gave , 80
How , 80
things , 80
sat , 79
took , 78
seemed , 76
City , 74
called , 71
being , 70
As , 69
dear , 69
Why , 69
told , 69
Yes , 67
Of , 67
Now , 65
trees , 65
Nana , 64
stood , 64
fell , 63
In , 62
arms , 61
Wicked , 61
felt , 60
Turtle , 59
ve , 58
seen , 57
feet , 57
brains , 56
walked , 56
Emerald , 56
Mock , 56
Tink , 55
pirates , 55
Smee , 55
ran , 55
Hatter , 55
Gryphon , 55
For , 54
tried , 54
re , 53
Slightly , 53
Well , 52
A , 52
till , 51
flew , 51
Kansas , 51
glad , 50
won , 50
words , 49
At , 49
asleep , 48
cannot , 48
afraid , 48
hands , 47
forest , 47
done , 46
carried , 46
gone , 45
Tootles , 45
Rabbit , 45
tone , 44
turned , 43
lost , 43
Great , 43
cry , 42
strange , 42
spoke , 42
Monkeys , 42
Duchess , 42
Who , 41
followed , 40
friends , 40
sleep , 40
To , 40
kept , 40
Dormouse , 40
nursery , 39
saying , 39
Come , 39
Do , 39
lady , 39
lovely , 39
added , 38
passed , 38
Nibs , 38
Wizard , 38
All , 37
getting , 37
returned , 37
having , 37
times , 37
used , 36
sight , 36
thinking , 36
Let , 36
sun , 36
courage , 36
coming , 34
longer , 34
terrible , 34
suppose , 34
March , 34
island , 33
continued , 33
pirate , 33
except , 33
became , 32
shoes , 32
yellow , 32
journey , 32
Mouse , 32
days , 31
happened , 31
Are , 31
hurt , 31
sitting , 31
birds , 31
straw , 31
Winged , 31
Hare , 31
lived , 30
isn , 30
Not , 30
exclaimed , 30
Don , 30
surprise , 30
ship , 30
legs , 30
d , 30
lagoon , 29
trying , 29
wanted , 29
grown , 29
tears , 29
whispered , 29
Tinker , 29
Bell , 29
pleased , 29
sharp , 29
bye , 29
After , 29
Starkey , 29
stuffed , 29
Good , 29
Winkies , 29
mice , 29
Cap , 29
opened , 28
neck , 28
does , 28
brought , 28
bird , 28
Jane , 28
axe , 28
frightened , 27
My , 27
started , 27
Where , 27
reached , 27
lying , 27
finished , 27
beside , 27
basket , 27
Caterpillar , 27
walking , 26
nose , 26
carefully , 26
killed , 26
ought , 26
waiting , 26
fairy , 26
doesn , 26
slowly , 26
redskins , 26
crocodile , 26
running , 26
Cat , 26
Pan , 25
didn , 25
heads , 25
wood , 25
Perhaps , 25
O , 25
taken , 25
tail , 25
sorry , 25
tin , 25
Here , 25
hat , 25
grass , 25
flowers , 25
Em , 25
One , 25
West , 25
leaves , 24
easily , 24
silence , 24
surprised , 24
pieces , 24
beasts , 24
tea , 24
anxiously , 24
queer , 24
White , 24
Aunt , 24
balloon , 24
travelers , 24
doing , 23
river , 23
flying , 23
making , 23
minutes , 23
met , 23
nine , 23
His , 23
curious , 23
please , 23
captain , 23
However , 23
waited , 23
tired , 23
caught , 23
stopped , 23
beginning , 23
remarked , 23
Golden , 23
kiss , 22
Neverland , 22
says , 22
rose , 22
Her , 22
dance , 22
liked , 22
On , 22
bright , 22
corner , 22
Ay , 22
Curly , 22
dropped , 22
makes , 22
Throne , 22
Room , 22
jury , 22
fairies , 21
grew , 21
broken , 21
THE , 21
wasn , 21
ones , 21
shut , 21
crying , 21
With , 21
wonderful , 21
branches , 21
Bill , 21
Cowardly , 21
forgotten , 20
medicine , 20
shouted , 20
men , 20
unhappy , 20
growing , 20
shook , 20
known , 20
led , 20
Never , 20
cross , 20
mouse , 20
Munchkins , 20
George , 20
sweet , 19
explained , 19
shadow , 19
dogs , 19
East , 19
bowed , 19
Is , 19
held , 19
talking , 19
sent , 19
drew , 19
hook , 19
hastily , 19
standing , 19
nest , 19
silver , 19
meant , 18
showed , 18
mothers , 18
dressed , 18
flung , 18
Even , 18
By , 18
angry , 18
faces , 18
eagerly , 18
clothes , 18
Once , 18
years , 18
brave , 18
beast , 18
hole , 18
spectacles , 18
inquired , 18
turning , 18
written , 18
desert , 18
creature , 18
cabin , 18
loved , 18
farmer , 18
Palace , 18
kennel , 18
Glinda , 18
adventures , 17
comes , 17
While , 17
slept , 17
decided , 17
dreadful , 17
joy , 17
tied , 17
puzzled , 17
dare , 17
loud , 17
anxious , 17
jumped , 17
stick , 17
nearer , 17
struck , 17
immediately , 17
bread , 17
iron , 17
ears , 17
Very , 17
sky , 17
YOU , 17
Land , 17
greatly , 17
china , 17
Chapter , 17
adventure , 16
remembered , 16
straight , 16
chimney , 16
rushed , 16
picked , 16
danger , 16
watching , 16
proud , 16
golden , 16
broke , 16
hardly , 16
noticed , 16
wild , 16
distance , 16
wolves , 16
timidly , 16
cat , 16
painted , 16
brick , 16
pole , 16
castle , 16
hurry , 15
blew , 15
living , 15
screamed , 15
hung , 15
clock , 15
unless , 15
knows , 15
bottle , 15
funny , 15
beds , 15
awfully , 15
declared , 15
merely , 15
Which , 15
couldn , 15
eggs , 15
sir , 15
These , 15
dry , 15
raised , 15
lives , 15
built , 15
shape , 15
sad , 15
gray , 15
farther , 15
nurse , 15
gate , 15
silk , 15
forgot , 14
perfectly , 14
begun , 14
teeth , 14
hanging , 14
telling , 14
Ah , 14
given , 14
breath , 14
mine , 14
bottom , 14
questions , 14
laughed , 14
reply , 14
wore , 14
hurried , 14
taking , 14
seeing , 14
treated , 14
promise , 14
goes , 14
Would , 14
playing , 14
fierce , 14
fallen , 14
cook , 14
crow , 14
Just , 14
filled , 14
mark , 14
showing , 14
hill , 14
holding , 14
cyclone , 14
South , 14
charm , 14
joints , 14
creatures , 14
Majesty , 14
Guardian , 14
Dinah , 14
mad , 14
Some , 13
woke , 13
Look , 13
entered , 13
meaning , 13
bark , 13
wondering , 13
dress , 13
bite , 13
Mother , 13
Father , 13
Can , 13
harm , 13
fond , 13
tiny , 13
sharply , 13
covered , 13
listened , 13
silly , 13
girls , 13
houses , 13
ordered , 13
tails , 13
wicked , 13
stories , 13
moved , 13
haven , 13
band , 13
thick , 13
Tiger , 13
Lily , 13
shore , 13
watched , 13
roof , 13
fit , 13
lonely , 13
animals , 13
sadly , 13
promised , 13
Uncle , 13
Henry , 13
Munchkin , 13
powerful , 13
coward , 13
strangers , 13
Head , 13
VERY , 13
cats , 13
THAT , 13
Dodo , 13
Soup , 13
beg , 12
master , 12
thoughtfully , 12
knowing , 12
Thank , 12
drink , 12
fun , 12
quiet , 12
manner , 12
played , 12
gently , 12
keeping , 12
sudden , 12
mermaids , 12
command , 12
knee , 12
miles , 12
butter , 12
below , 12
roar , 12
ear , 12
worth , 12
Thus , 12
twins , 12
melancholy , 12
gay , 12
Cecco , 12
appeared , 12
rolled , 12
soft , 12
mushroom , 12
gathered , 12
instantly , 12
fitted , 12
breast , 12
surely , 12
politely , 12
meal , 12
neither , 12
hours , 12
pool , 12
swim , 12
First , 12
wings , 12
usual , 12
repeated , 12
remark , 12
Off , 12
enemy , 12
dried , 12
seems , 12
Because , 12
ate , 12
crows , 12
raft , 12
Gates , 12
whiskers , 12
CHAPTER , 12
wouldn , 12
row , 12
sprang , 11
closed , 11
wearing , 11
tie , 11
earth , 11
thanked , 11
Certainly , 11
tear , 11
stars , 11
breathing , 11
beautifully , 11
listening , 11
touch , 11
wishes , 11
sleeping , 11
Did , 11
Indeed , 11
ill , 11
feared , 11
claw , 11
larger , 11
fellow , 11
tick , 11
Have , 11
See , 11
Hullo , 11
saved , 11
alive , 11
remained , 11
Or , 11
English , 11
plank , 11
melted , 11
changed , 11
slaves , 11
North , 11
magic , 11
Stork , 11
angrily , 11
gloves , 11
Pigeon , 11
Footman , 11
empty , 10
wants , 10
Sometimes , 10
looks , 10
climbed , 10
quick , 10
frightfully , 10
Again , 10
calling , 10
boat , 10
mouths , 10
pocket , 10
crowd , 10
wished , 10
tall , 10
thimble , 10
Liza , 10
spread , 10
disappeared , 10
shoulders , 10
believed , 10
doubt , 10
forehead , 10
pointing , 10
sides , 10
presently , 10
claws , 10
ay , 10
Take , 10
knees , 10
discovered , 10
silent , 10
earnestly , 10
lips , 10
cake , 10
arrow , 10
shaking , 10
spot , 10
twice , 10
solemn , 10
Please , 10
stretched , 10
tale , 10
bigger , 10
besides , 10
seized , 10
lifted , 10
feelings , 10
means , 10
bees , 10
tom , 10
Five , 10
pig , 10
curiosity , 10
fields , 10
moral , 10
badly , 10
conversation , 10
ladder , 10
Quadlings , 10
helped , 10
chopped , 10
blow , 10
truck , 10
hall , 10
Terrible , 10
throne , 10
Lady , 10
moving , 10
lessons , 10
fan , 10
offended , 10
soldiers , 10
witness , 10
married , 9
hadn , 9
fair , 9
gazed , 9
Nothing , 9
singing , 9
softly , 9
delight , 9
kissed , 9
gravely , 9
understood , 9
pity , 9
signed , 9
Quick , 9
loudly , 9
died , 9
Will , 9
sigh , 9
fancy , 9
pretend , 9
sleepy , 9
lit , 9
passing , 9
path , 9
circle , 9
pointed , 9
darkness , 9
hoped , 9
stepped , 9
bent , 9
climb , 9
Jukes , 9
cast , 9
greatest , 9
noise , 9
savage , 9
hollow , 9
sang , 9
pack , 9
lights , 9
fetch , 9
needed , 9
fruit , 9
slates , 9
pulled , 9
worse , 9
obey , 9
scarcely , 9
yours , 9
carrying , 9
speaking , 9
o , 9
nuts , 9
S , 9
sighed , 9
entirely , 9
Go , 9
destroy , 9
shan , 9
escape , 9
cleaning , 9
nonsense , 9
Therefore , 9
rusted , 9
Two , 9
safely , 9
Beast , 9
Silver , 9
Shoes , 9
proper , 9
walls , 9
passion , 9
interrupted , 9
Knave , 9
afterwards , 9
leapt , 8
nobody , 8
retorted , 8
slipped , 8
demanded , 8
ashamed , 8
placed , 8
passage , 8
fastened , 8
blown , 8
dust , 8
interested , 8
awful , 8
dreadfully , 8
colour , 8
drawing , 8
rising , 8
shouldn , 8
ugly , 8
awake , 8
kick , 8
places , 8
milk , 8
thoughts , 8
figures , 8
companions , 8
hungry , 8
strike , 8
falling , 8
laughing , 8
pleasant , 8
smoke , 8
Besides , 8
loving , 8
crash , 8
rules , 8
dagger , 8
luck , 8
Next , 8
midst , 8
dreaming , 8
woods , 8
procession , 8
Captain , 8
stupid , 8
mainland , 8
laughter , 8
staring , 8
bow , 8
crowded , 8
trembling , 8
threw , 8
quietly , 8
names , 8
grateful , 8
busy , 8
breakfast , 8
careful , 8
sternly , 8
opening , 8
knocked , 8
hats , 8
everywhere , 8
swam , 8
moments , 8
smiled , 8
parents , 8
Had , 8
pushed , 8
biggest , 8
twin , 8
heartless , 8
bell , 8
uncomfortable , 8
marked , 8
dancing , 8
ME , 8
youth , 8
forever , 8
pardon , 8
delightful , 8
cupboard , 8
directions , 8
worked , 8
generally , 8
minds , 8
witches , 8
putting , 8
forth , 8
growl , 8
clean , 8
kindly , 8
bade , 8
chin , 8
oiled , 8
cow , 8
plenty , 8
Kalidahs , 8
dish , 8
wise , 8
pair , 8
rooms , 8
tomorrow , 8
Monkey , 8
Quelala , 8
instance , 8
Princess , 8
peeping , 8
croquet , 8
IS , 8
gardeners , 8
whiting , 8
roared , 7
vain , 7
dragged , 7
barking , 7
Yet , 7
friendly , 7
confused , 7
lesson , 7
grand , 7
dashed , 7
mentioned , 7
desire , 7
presence , 7
indignantly , 7
opinion , 7
properly , 7
frightful , 7
inches , 7
peeped , 7
chain , 7
lucky , 7
venture , 7
hated , 7
Oo , 7
ordinary , 7
odd , 7
Every , 7
burst , 7
breathe , 7
solemnly , 7
leaf , 7
Be , 7
gaily , 7
saving , 7
sounds , 7
floating , 7
redskin , 7
touched , 7
flower , 7
bo , 7
Barbecue , 7
Tell , 7
giving , 7
agreed , 7
mischief , 7
drawers , 7
sounded , 7
bears , 7
Poor , 7
lest , 7
ho , 7
advance , 7
handsome , 7
gold , 7
Boy , 7
rough , 7
wolf , 7
height , 7
hidden , 7
altogether , 7
swimming , 7
shrill , 7
rang , 7
fluttered , 7
beating , 7
scared , 7
Wonderful , 7
raising , 7
supper , 7
difficulty , 7
mistake , 7
roses , 7
letters , 7
shining , 7
suit , 7
writing , 7
slate , 7
Was , 7
Only , 7
brain , 7
otherwise , 7
severely , 7
stuck , 7
An , 7
stayed , 7
spoken , 7
whistle , 7
innocent , 7
startled , 7
guinea , 7
broad , 7
alas , 7
complain , 7
fate , 7
invited , 7
ARE , 7
rage , 7
admitted , 7
secret , 7
crossed , 7
shone , 7
deck , 7
gown , 7
swiftly , 7
whisper , 7
paw , 7
tops , 7
Before , 7
wondered , 7
puzzling , 7
expected , 7
Your , 7
witch , 7
slightest , 7
older , 7
missed , 7
cornfield , 7
obliged , 7
managed , 7
cottage , 7
rust , 7
bear , 7
jaws , 7
ditch , 7
poppies , 7
happens , 7
emeralds , 7
grant , 7
flamingo , 7
appearance , 7
humbug , 7
pigs , 7
NOT , 7
Lory , 7
YOUR , 7
puppy , 7
Cheshire , 7
hedgehog , 7
lobsters , 7
Soo , 7
oop , 7
bells , 6
sobs , 6
learned , 6
wildly , 6
evil , 6
clever , 6
crowing , 6
Still , 6
poured , 6
somewhere , 6
Really , 6
impatiently , 6
bowl , 6
allowed , 6
cunning , 6
spirit , 6
Such , 6
offered , 6
None , 6
mummy , 6
jump , 6
Bring , 6
knocking , 6
tucked , 6
knife , 6
Their , 6
Everything , 6
temper , 6
drawn , 6
forgetting , 6
troubled , 6
pretended , 6
ceiling , 6
delicious , 6
wept , 6
chief , 6
Won , 6
pride , 6
picking , 6
M , 6
flat , 6
moons , 6
calmly , 6
leaving , 6
determined , 6
extraordinary , 6
pause , 6
careless , 6
Long , 6
respect , 6
begged , 6
lap , 6
completely , 6
admiration , 6
flight , 6
nodded , 6
meantime , 6
pulling , 6
fourth , 6
dozen , 6
killing , 6
obeyed , 6
somewhat , 6
paint , 6
tigers , 6
twenty , 6
rope , 6
trunk , 6
advanced , 6
Shall , 6
unknown , 6
voices , 6
spent , 6
bringing , 6
dreams , 6
firmly , 6
pleaded , 6
smaller , 6
delighted , 6
possibly , 6
wet , 6
knock , 6
rapidly , 6
sword , 6
smallest , 6
chamber , 6
hers , 6
guard , 6
distant , 6
fiercely , 6
orders , 6
dared , 6
pale , 6
begins , 6
muttered , 6
confusion , 6
fighting , 6
helpless , 6
slip , 6
Soon , 6
brightly , 6
threateningly , 6
darted , 6
mast , 6
tongue , 6
elbow , 6
rapped , 6
dull , 6
groan , 6
hearts , 6
silently , 6
weapons , 6
curled , 6
chorus , 6
finding , 6
rested , 6
sentence , 6
taught , 6
terribly , 6
matters , 6
handed , 6
Down , 6
roll , 6
crawled , 6
whenever , 6
boots , 6
shriek , 6
uneasily , 6
spite , 6
wake , 6
ruled , 6
paved , 6
pictures , 6
locked , 6
joined , 6
flesh , 6
talked , 6
James , 6
occasion , 6
rocks , 6
chop , 6
Mice , 6
doubtfully , 6
Beautiful , 6
spider , 6
danced , 6
advantage , 6
monster , 6
Ball , 6
Fire , 6
powers , 6
lo , 6
Castle , 6
tinsmiths , 6
Gayelette , 6
grandfather , 6
ruler , 6
milkmaid , 6
repeat , 6
grin , 6
William , 6
WHAT , 6
executed , 6
Lizard , 6
serpent , 6
sneezing , 6
pepper , 6
strangest , 6
Hearts , 6
Nobody , 6
executioner , 6
e , 6
tarts , 6
merry , 5
snapped , 5
ass , 5
Cinderella , 5
kicked , 5
boldly , 5
erect , 5
using , 5
offensive , 5
Those , 5
mermaid , 5
failed , 5
rubbed , 5
proved , 5
gentlemen , 5
Listen , 5
gentle , 5
ceased , 5
cared , 5
paws , 5
rubbing , 5
polite , 5
tremble , 5
relief , 5
flown , 5
pretending , 5
jolly , 5
instant , 5
ways , 5
swallowed , 5
horror , 5
faster , 5
Follow , 5
neatly , 5
clouds , 5
sticking , 5
humour , 5
burned , 5
shadows , 5
sewing , 5
stare , 5
holes , 5
Suppose , 5
stern , 5
map , 5
thinks , 5
Presently , 5
pet , 5
float , 5
wretched , 5
follows , 5
invitation , 5
sugar , 5
therefore , 5
fewer , 5
Miss , 5
knuckles , 5
bitterly , 5
gets , 5
crew , 5
Mullins , 5
setting , 5
ease , 5
pace , 5
clung , 5
screech , 5
tribe , 5
hearted , 5
Little , 5
Panther , 5
princess , 5
England , 5
bones , 5
closely , 5
smiling , 5
Johnny , 5
beauty , 5
barked , 5
washing , 5
curiously , 5
doubtful , 5
chattering , 5
dangerous , 5
honest , 5
verse , 5
victory , 5
hoarsely , 5
sorrowfully , 5
ladies , 5
ignorance , 5
cheer , 5
uncomfortably , 5
suggested , 5
impressed , 5
tut , 5
shoe , 5
branch , 5
wipe , 5
bath , 5
willing , 5
games , 5
jumping , 5
shame , 5
Twin , 5
attempt , 5
tossed , 5
stole , 5
Marooners , 5
Rock , 5
tiptoe , 5
moon , 5
proof , 5
shiver , 5
longed , 5
streets , 5
waters , 5
hunting , 5
lantern , 5
wiping , 5
crowed , 5
higher , 5
foe , 5
kite , 5
Hold , 5
diamonds , 5
trick , 5
braves , 5
mostly , 5
Silence , 5
cakes , 5
True , 5
takes , 5
shocked , 5
growled , 5
barred , 5
leap , 5
Get , 5
honour , 5
heels , 5
From , 5
deadly , 5
string , 5
guessed , 5
cloak , 5
poison , 5
search , 5
cards , 5
surrounded , 5
tap , 5
bucket , 5
chest , 5
gesture , 5
ticking , 5
THIS , 5
mishap , 5
sooner , 5
vanished , 5
scream , 5
Something , 5
notion , 5
hid , 5
worn , 5
weak , 5
laid , 5
cypher , 5
Keep , 5
yesterday , 5
judge , 5
pink , 5
stairs , 5
foolish , 5
shrinking , 5
OF , 5
Our , 5
candle , 5
merrily , 5
horses , 5
tipped , 5
awakened , 5
sunshine , 5
bondage , 5
crept , 5
toes , 5
drawer , 5
fences , 5
Boq , 5
worried , 5
fence , 5
corn , 5
perched , 5
wink , 5
books , 5
fool , 5
27 , 5
wherever , 5
deeply , 5
marry , 5
tinsmith , 5
horse , 5
Beasts , 5
sorrow , 5
eaten , 5
pins , 5
twisted , 5
kindness , 5
purple , 5
bend , 5
fresh , 5
nicely , 5
Wildcat , 5
comrades , 5
plate , 5
bathed , 5
velvet , 5
twelve , 5
servants , 5
destroyed , 5
meekly , 5
Give , 5
Voice , 5
Witches , 5
Heads , 5
Call , 5
twinkling , 5
rabbit , 5
aloud , 5
asking , 5
WOULD , 5
nervous , 5
SHE , 5
hookah , 5
waving , 5
twinkle , 5
treacle , 5
noble , 5
Seven , 5
hiding , 5
babies , 5
Lobster , 5
folded , 5
brushed , 5
hugged , 4
disturb , 4
snatch , 4
chasing , 4
sewn , 4
popped , 4
stone , 4
Alas , 4
gentleman , 4
rushing , 4
twentieth , 4
loveliest , 4
arrows , 4
tip , 4
cloth , 4
triumph , 4
anon , 4
gloom , 4
patches , 4
arose , 4
dearest , 4
sparkling , 4
forces , 4
pressed , 4
cautiously , 4
huskily , 4
tinkle , 4
tells , 4
Tom , 4
refused , 4
pinch , 4
yelled , 4
sinking , 4
drinking , 4
remembering , 4
echoed , 4
treading , 4
belonged , 4
absence , 4
heavily , 4
unfortunate , 4
sticks , 4
biting , 4
bravely , 4
briskly , 4
yo , 4
Flint , 4
Skylights , 4
fixed , 4
whipped , 4
wrote , 4
addressed , 4
horribly , 4
bodies , 4
tragedy , 4
wandered , 4
proudly , 4
turns , 4
lions , 4
mistress , 4
shows , 4
favourite , 4
disturbed , 4
craft , 4
Fortunately , 4
pathetic , 4
lovable , 4
wiped , 4
Many , 4
faithful , 4
wash , 4
damp , 4
exultation , 4
contempt , 4
bounded , 4
dangers , 4
alarm , 4
needs , 4
women , 4
shillings , 4
overhead , 4
shuddering , 4
tragic , 4
becoming , 4
chairs , 4
Twice , 4
stays , 4
wailing , 4
sewed , 4
respectful , 4
lies , 4
owing , 4
wedding , 4
winked , 4
panted , 4
excitedly , 4
likes , 4
ordering , 4
ourselves , 4
happily , 4
snatched , 4
politeness , 4
darling , 4
squeeze , 4
tight , 4
smoking , 4
examined , 4
awkward , 4
stout , 4
hurriedly , 4
cleared , 4
pot , 4
heel , 4
impossible , 4
Describe , 4
balls , 4
stool , 4
shorter , 4
precious , 4
accident , 4
hitting , 4
resting , 4
glistened , 4
drown , 4
sew , 4
Mermaids , 4
guide , 4
eager , 4
humbly , 4
codfish , 4
scornfully , 4
overboard , 4
prepared , 4
striking , 4
cheering , 4
concluded , 4
faith , 4
drowned , 4
floated , 4
fascinating , 4
doors , 4
nibbling , 4
clapping , 4
cool , 4
wakened , 4
pressing , 4
eyed , 4
mocking , 4
landed , 4
tender , 4
Wake , 4
May , 4
Sit , 4
cradle , 4
limbs , 4
spoil , 4
Saturday , 4
Dear , 4
gowns , 4
jug , 4
Hush , 4
considering , 4
cheerfully , 4
noon , 4
accompanied , 4
gazing , 4
draught , 4
rude , 4
stream , 4
stirring , 4
blade , 4
blame , 4
gladly , 4
sighing , 4
confusing , 4
doubled , 4
mercy , 4
ropes , 4
arched , 4
presented , 4
sleeper , 4
specially , 4
muttering , 4
blankets , 4
rescue , 4
poisoned , 4
hissed , 4
riding , 4
fashion , 4
brig , 4
removed , 4
cosy , 4
gloomy , 4
prisoners , 4
hearty , 4
naturally , 4
heap , 4
aboard , 4
rush , 4
noticing , 4
splash , 4
swung , 4
doodle , 4
doo , 4
purring , 4
aren , 4
ring , 4
hoping , 4
cowardly , 4
tightly , 4
cheered , 4
sorrowful , 4
pleasure , 4
remorse , 4
considered , 4
beard , 4
resist , 4
Class , 4
settled , 4
frock , 4
further , 4
Does , 4
expecting , 4
towards , 4
comfort , 4
14 , 4
tales , 4
burn , 4
dishes , 4
cab , 4
trap , 4
doorway , 4
Neither , 4
cheeks , 4
inch , 4
aunt , 4
splendid , 4
fright , 4
simultaneously , 4
brook , 4
polished , 4
welcome , 4
Emeralds , 4
TO , 4
aired , 4
engaged , 4
romantic , 4
shelf , 4
happening , 4
checked , 4
soundly , 4
yawned , 4
leaned , 4
Instead , 4
scare , 4
brighter , 4
length , 4
clumsy , 4
flock , 4
patiently , 4
steps , 4
throat , 4
bathroom , 4
manners , 4
comrade , 4
harder , 4
umbrella , 4
patted , 4
needn , 4
shaggy , 4
mane , 4
gulf , 4
ours , 4
brothers , 4
stopping , 4
afternoon , 4
lift , 4
scent , 4
poppy , 4
scampered , 4
chase , 4
timid , 4
frighten , 4
gallant , 4
smooth , 4
borne , 4
marble , 4
sorts , 4
comfortable , 4
screen , 4
square , 4
shaped , 4
crown , 4
ended , 4
promises , 4
palace , 4
telescope , 4
forty , 4
marched , 4
pe , 4
zy , 4
brown , 4
chose , 4
joyfully , 4
pattering , 4
suspicions , 4
fatal , 4
Exactly , 4
guests , 4
thoroughly , 4
rattling , 4
belong , 4
Country , 4
mended , 4
upset , 4
tiger , 4
Hammer , 4
warm , 4
due , 4
WAS , 4
hesitated , 4
bats , 4
spoon , 4
ventured , 4
ONE , 4
violently , 4
Mabel , 4
charming , 4
CAN , 4
French , 4
argument , 4
frowning , 4
IT , 4
Said , 4
Mary , 4
Ann , 4
Sure , 4
yer , 4
COULD , 4
hearing , 4
decidedly , 4
HAVE , 4
Friday , 4
soup , 4
busily , 4
wow , 4
grunted , 4
crumbs , 4
HE , 4
arches , 4
players , 4
gleefully , 4
ALL , 4
Quadrille , 4
porpoise , 4
Beau , 4
ootiful , 4
jurors , 4
verdict , 4
officers , 4
suppressed , 4
jurymen , 4
verses , 4
stands , 3
belay , 3
horrid , 3
whimpered , 3
contemptuously , 3
prison , 3
gigantic , 3
banks , 3
neighbours , 3
Cookson , 3
Noodler , 3
childhood , 3
expression , 3
spots , 3
sinister , 3
genius , 3
enabled , 3
undoubtedly , 3
rain , 3
aside , 3
Piccaninny , 3
kisses , 3
cruel , 3
assured , 3
post , 3
fat , 3
wardrobe , 3
changes , 3
confident , 3
Yo , 3
fifteen , 3
searching , 3
flashed , 3
tremendously , 3
hate , 3
Corkscrew , 3
wound , 3
oddly , 3
darkly , 3
dreamt , 3
passionately , 3
pray , 3
dread , 3
taste , 3
quiver , 3
haunts , 3
burning , 3
falls , 3
replaced , 3
Gardens , 3
tis , 3
disappointed , 3
wickedest , 3
lowered , 3
shaken , 3
drops , 3
partly , 3
distinct , 3
gasped , 3
emerged , 3
horrible , 3
ignorant , 3
drank , 3
pence , 3
6 , 3
LITTLE , 3
maps , 3
armed , 3
spirits , 3
distress , 3
worst , 3
dignity , 3
keeps , 3
Unfortunately , 3
nasty , 3
reminded , 3
fortunately , 3
knelt , 3
faint , 3
4 , 3
constantly , 3
cap , 3
fireplace , 3
sufficiently , 3
scratching , 3
cloud , 3
Tut , 3
respectfully , 3
littlest , 3
rent , 3
windows , 3
fearfully , 3
absolutely , 3
excellent , 3
truly , 3
towel , 3
behaving , 3
irritating , 3
HOME , 3
speed , 3
wriggled , 3
missing , 3
Usually , 3
garments , 3
enormous , 3
strings , 3
strict , 3
signal , 3
carpet , 3
occasional , 3
double , 3
stockings , 3
thrown , 3
insisted , 3
taller , 3
yards , 3
answers , 3
Adventures , 3
fascinated , 3
flinging , 3
guidance , 3
wholly , 3
Latin , 3
brush , 3
leaning , 3
parts , 3
conveyed , 3
greedy , 3
colours , 3
naughty , 3
gripped , 3
Think , 3
lazy , 3
irritated , 3
splashing , 3
directed , 3
cries , 3
rainbow , 3
Nevertheless , 3
suspicious , 3
thread , 3
hitherto , 3
sailors , 3
tide , 3
roused , 3
waken , 3
closer , 3
deserted , 3
soap , 3
dinghy , 3
torture , 3
guarded , 3
bonds , 3
eel , 3
grip , 3
dripping , 3
sighs , 3
swelled , 3
familiar , 3
bobbed , 3
swore , 3
Lads , 3
terror , 3
Speak , 3
roads , 3
Suddenly , 3
turtles , 3
dressing , 3
miscreants , 3
struggle , 3
torn , 3
drifted , 3
steel , 3
scaled , 3
cleverness , 3
sand , 3
shouting , 3
feeble , 3
Help , 3
fainted , 3
conceit , 3
faintly , 3
apologetically , 3
evenings , 3
charges , 3
pockets , 3
hundreds , 3
NEVER , 3
drift , 3
satisfaction , 3
working , 3
exhausted , 3
punishment , 3
freely , 3
mighty , 3
thanks , 3
pooh , 3
feathers , 3
stave , 3
glittering , 3
curls , 3
abandoned , 3
bitter , 3
brutal , 3
scandalised , 3
annoyed , 3
corners , 3
awaiting , 3
Me , 3
dispute , 3
hasn , 3
sighted , 3
instructions , 3
humble , 3
diffidently , 3
heavier , 3
honey , 3
crouched , 3
shudder , 3
blades , 3
exact , 3
squeaked , 3
shrink , 3
pound , 3
Quiet , 3
rats , 3
chained , 3
implicitly , 3
ending , 3
triumphantly , 3
twist , 3
easier , 3
needle , 3
afford , 3
losing , 3
prisoner , 3
accustomed , 3
carelessly , 3
whereupon , 3
counted , 3
salt , 3
backs , 3
impression , 3
changing , 3
battle , 3
fairly , 3
dawn , 3
Through , 3
scouts , 3
inferior , 3
commands , 3
coyote , 3
alarmed , 3
Out , 3
accounts , 3
paused , 3
traditions , 3
destroying , 3
difficulties , 3
Hide , 3
stealing , 3
poles , 3
amazement , 3
IN , 3
distinguished , 3
knot , 3
bulged , 3
refuse , 3
breeze , 3
arrived , 3
wailed , 3
existence , 3
wasted , 3
breaking , 3
bound , 3
shrieked , 3
deed , 3
fancied , 3
clapped , 3
bore , 3
forms , 3
Having , 3
oath , 3
bulwarks , 3
famous , 3
conviction , 3
curtains , 3
constant , 3
subjects , 3
hide , 3
hopes , 3
braver , 3
lines , 3
climbing , 3
behaved , 3
peculiar , 3
Without , 3
skeleton , 3
occurred , 3
beneath , 3
absurd , 3
Its , 3
wi , 3
cheque , 3
despairingly , 3
thunder , 3
advisable , 3
custody , 3
kills , 3
bidding , 3
fought , 3
lord , 3
cheek , 3
brilliancy , 3
forced , 3
egg , 3
sweep , 3
boon , 3
content , 3
Jas , 3
lasted , 3
hurrying , 3
stocks , 3
forgive , 3
Thursday , 3
reputation , 3
shooting , 3
3 , 3
COME , 3
clutching , 3
custard , 3
bracelet , 3
Home , 3
toss , 3
disappointment , 3
Mind , 3
encouraged , 3
satisfied , 3
attended , 3
breathed , 3
wig , 3
stocking , 3
shares , 3
sobbed , 3
Margaret , 3
daresay , 3
1 , 3
pipes , 3
despised , 3
cellar , 3
eerie , 3
brute , 3
mass , 3
washed , 3
thin , 3
dearly , 3
whistling , 3
cows , 3
Run , 3
howled , 3
resolved , 3
kinds , 3
jar , 3
fruits , 3
gorgeous , 3
roughly , 3
sweetly , 3
Over , 3
shade , 3
wrinkles , 3
flamingoes , 3
sorceress , 3
evidently , 3
dismay , 3
slave , 3
gracious , 3
uneasy , 3
civilized , 3
wizards , 3
weep , 3
pail , 3
faded , 3
Finally , 3
Surely , 3
trotting , 3
bricks , 3
grain , 3
dome , 3
kitten , 3
treasure , 3
craved , 3
announced , 3
stumbled , 3
aghast , 3
eating , 3
stiffly , 3
daylight , 3
pleasantly , 3
warned , 3
awoke , 3
bother , 3
noises , 3
sheep , 3
joke , 3
legged , 3
maiden , 3
request , 3
rattled , 3
astonished , 3
pile , 3
rippling , 3
homes , 3
fired , 3
ride , 3
flowing , 3
gnashed , 3
heavens , 3
dreamed , 3
Field , 3
wooden , 3
swept , 3
apron , 3
scarlet , 3
dazzled , 3
steady , 3
courteously , 3
mechanically , 3
underneath , 3
thousands , 3
introduce , 3
shock , 3
yawning , 3
companion , 3
emerald , 3
unable , 3
farmhouse , 3
permitted , 3
custom , 3
pencil , 3
elephant , 3
studded , 3
pearls , 3
glasses , 3
contented , 3
poker , 3
complete , 3
mid , 3
button , 3
satin , 3
ribbon , 3
elegant , 3
extra , 3
weakness , 3
2 , 3
locks , 3
plainly , 3
jewels , 3
introduced , 3
correct , 3
furiously , 3
unlocked , 3
daisies , 3
bewildered , 3
pure , 3
Crow , 3
sting , 3
heaps , 3
doom , 3
owned , 3
harness , 3
Others , 3
courtyard , 3
traveled , 3
handle , 3
Yellow , 3
solid , 3
anywhere , 3
throwing , 3
ruby , 3
wagged , 3
fortune , 3
tiresome , 3
vexed , 3
sending , 3
trembled , 3
slightly , 3
grieved , 3
nights , 3
circus , 3
learning , 3
mixed , 3
needles , 3
reaching , 3
strip , 3
bowing , 3
natured , 3
waist , 3
sulkily , 3
Joker , 3
pleasanter , 3
growling , 3
hint , 3
directly , 3
belongs , 3
tumbling , 3
indignant , 3
caused , 3
Up , 3
bridges , 3
ringlets , 3
ALICE , 3
covering , 3
reading , 3
counting , 3
bat , 3
trousers , 3
recalling , 3
dears , 3
forbidden , 3
skins , 3
hoarse , 3
slain , 3
WILL , 3
Duck , 3
Eaglet , 3
Caucus , 3
fur , 3
sulky , 3
prizes , 3
grave , 3
choked , 3
rakish , 3
attending , 3
remarking , 3
contents , 3
Pat , 3
accepted , 3
recovered , 3
gather , 3
em , 3
THINK , 3
entrance , 3
remarks , 3
Pray , 3
succeeded , 3
Serpent , 3
serpents , 3
tasted , 3
footman , 3
livery , 3
howling , 3
repeating , 3
nursing , 3
measles , 3
thoughtful , 3
grinned , 3
countenance , 3
tossing , 3
sobbing , 3
Time , 3
HIM , 3
Kensington , 3
Twinkle , 3
curtain , 3
muchness , 3
beheaded , 3
AND , 3
Consider , 3
Turn , 3
execution , 3
hedgehogs , 3
comforted , 3
fury , 3
mustard , 3
MUST , 3
Tortoise , 3
Drawling , 3
snail , 3
Owl , 3
pie , 3
extremely , 3
trumpet , 3
lip , 3
teacup , 3
parting , 3
unimportant , 3
strode , 2
finishing , 2
escaped , 2
wiser , 2
knocker , 2
blackest , 2
largest , 2
immensely , 2
impressions , 2
dodged , 2
insolently , 2
forgets , 2
argued , 2
joyous , 2
Any , 2
7 , 2
Sea , 2
sneered , 2
Cook , 2
alternately , 2
graceful , 2
stamped , 2
chariot , 2
propelled , 2
altered , 2
consisted , 2
dig , 2
stools , 2
centre , 2
sawed , 2
skirt , 2
tidying , 2
coral , 2
suspended , 2
desired , 2
circumstances , 2
cage , 2
exquisite , 2
boylike , 2
couch , 2
club , 2
warn , 2
Puss , 2
Boots , 2
crust , 2
contemptuous , 2
weeks , 2
cooking , 2
faced , 2
PETER , 2
stodge , 2
Make , 2
loose , 2
darning , 2
expressed , 2
occupied , 2
guessing , 2
fling , 2
exclaim , 2
spinsters , 2
envied , 2
beloved , 2
calculated , 2
suns , 2
nobly , 2
duty , 2
fix , 2
papers , 2
joining , 2
profound , 2
Write , 2
attempted , 2
Moira , 2
Party , 2
hopeful , 2
ridiculous , 2
spell , 2
invented , 2
mumps , 2
lots , 2
naturedly , 2
walks , 2
Angela , 2
slight , 2
dazzling , 2
average , 2
Gulch , 2
affair , 2
Redskin , 2
denying , 2
upshot , 2
snow , 2
starve , 2
cooked , 2
perish , 2
glee , 2
tempted , 2
doggedly , 2
8 , 2
shapeless , 2
bliss , 2
nearest , 2
terms , 2
contrary , 2
gift , 2
appalled , 2
dived , 2
intentionally , 2
chatted , 2
tidy , 2
favour , 2
mortals , 2
moonlight , 2
sunny , 2
bubbles , 2
unusual , 2
adopted , 2
consulting , 2
dozing , 2
occasionally , 2
unfriendly , 2
chocolate , 2
II , 2
rises , 2
submerged , 2
fated , 2
stalking , 2
chilly , 2
Strange , 2
warning , 2
motionless , 2
holder , 2
shuddered , 2
Stand , 2
cigars , 2
spout , 2
fears , 2
grimmest , 2
mile , 2
wail , 2
crashed , 2
hoist , 2
angered , 2
imitated , 2
imitation , 2
disturbing , 2
ye , 2
conducted , 2
Better , 2
elated , 2
Fulsom , 2
Boat , 2
ahoy , 2
persons , 2
wriggling , 2
Am , 2
sake , 2
collar , 2
scheme , 2
seize , 2
bullies , 2
abruptly , 2
complacently , 2
Brimstone , 2
gall , 2
thundered , 2
Last , 2
fidgeted , 2
gills , 2
trail , 2
JOLLY , 2
ROGER , 2
anchor , 2
returning , 2
blankly , 2
wigwam , 2
lowering , 2
snapping , 2
belief , 2
bully , 2
inexperienced , 2
blithely , 2
Man , 2
brow , 2
reflected , 2
naked , 2
fist , 2
gallantly , 2
gleam , 2
flash , 2
nicked , 2
fishes , 2
scalps , 2
opposite , 2
slippery , 2
Each , 2
touching , 2
combat , 2
belt , 2
fault , 2
rapturously , 2
unfairness , 2
Twins , 2
fairness , 2
tornado , 2
elation , 2
cave , 2
softer , 2
brushwood , 2
chuckled , 2
Save , 2
fours , 2
moaned , 2
darn , 2
Both , 2
Already , 2
placidly , 2
relenting , 2
rays , 2
9 , 2
rings , 2
closes , 2
murmur , 2
rear , 2
ashore , 2
desperate , 2
Lovely , 2
extent , 2
recognised , 2
lightly , 2
camp , 2
distinctly , 2
quacking , 2
perambulators , 2
remedies , 2
Shut , 2
MEA , 2
driven , 2
Piccaninnies , 2
brim , 2
hither , 2
thither , 2
bandages , 2
lateness , 2
limping , 2
10 , 2
warriors , 2
Always , 2
Night , 2
Nights , 2
posts , 2
positively , 2
vague , 2
seldom , 2
mug , 2
imaginary , 2
twigs , 2
promptly , 2
disappear , 2
hateful , 2
tranquilly , 2
scolded , 2
threatening , 2
tartly , 2
Above , 2
rattle , 2
count , 2
nighties , 2
gratified , 2
trusted , 2
innumerable , 2
frankly , 2
emphasis , 2
draggled , 2
impudent , 2
pots , 2
buffeted , 2
pillow , 2
partners , 2
gloomily , 2
11 , 2
WENDY , 2
settling , 2
rat , 2
Rather , 2
annoy , 2
descendants , 2
favoured , 2
tongues , 2
travels , 2
prey , 2
patience , 2
peep , 2
Years , 2
London , 2
rewarded , 2
somehow , 2
dances , 2
selfish , 2
creeping , 2
uttered , 2
lower , 2
mourning , 2
dies , 2
enacted , 2
stricken , 2
dive , 2
sward , 2
instinct , 2
appealed , 2
underground , 2
darker , 2
nervously , 2
nightgown , 2
apart , 2
forlornly , 2
dejected , 2
adopt , 2
handful , 2
huddled , 2
sink , 2
unmoved , 2
skipped , 2
unfortunately , 2
bundle , 2
letting , 2
bursting , 2
prefer , 2
flannels , 2
shrieks , 2
clash , 2
extended , 2
12 , 2
mischievous , 2
wit , 2
laws , 2
Avast , 2
snake , 2
fearsome , 2
vent , 2
Ought , 2
chill , 2
trained , 2
ghastly , 2
despair , 2
trod , 2
manhood , 2
imploringly , 2
carnage , 2
Davy , 2
grey , 2
attacked , 2
appears , 2
trot , 2
bearing , 2
stake , 2
sons , 2
risen , 2
Jones , 2
express , 2
perished , 2
Turley , 2
grazed , 2
judging , 2
element , 2
visible , 2
residence , 2
chiefly , 2
increased , 2
cockiness , 2
twitch , 2
tortured , 2
lion , 2
clang , 2
progress , 2
urged , 2
understanding , 2
admired , 2
doomed , 2
13 , 2
slow , 2
Funny , 2
emerge , 2
tying , 2
foul , 2
waved , 2
lad , 2
panic , 2
regretted , 2
pushing , 2
formed , 2
ups , 2
barrels , 2
withdraw , 2
sworn , 2
issued , 2
trickle , 2
infuriated , 2
dignified , 2
Dark , 2
tenement , 2
birthday , 2
unwonted , 2
unmolested , 2
dim , 2
gaze , 2
slid , 2
sought , 2
grieve , 2
piteously , 2
riddle , 2
soothing , 2
invention , 2
pistol , 2
sombre , 2
profoundly , 2
impertinent , 2
beaten , 2
sensitive , 2
incident , 2
fists , 2
Though , 2
commotion , 2
obstacle , 2
aperture , 2
ledge , 2
self , 2
poised , 2
glancing , 2
conceal , 2
intently , 2
strangely , 2
cautious , 2
stillness , 2
thrilled , 2
strides , 2
unbarred , 2
mud , 2
kettles , 2
magicians , 2
Put , 2
sped , 2
deeds , 2
lightning , 2
alighted , 2
papooses , 2
baskets , 2
countless , 2
thanking , 2
variety , 2
watchful , 2
press , 2
blaze , 2
Isn , 2
reduced , 2
beam , 2
scarce , 2
industrious , 2
unaware , 2
unconscious , 2
leant , 2
villainous , 2
unsteadily , 2
winds , 2
cutlass , 2
concerned , 2
retained , 2
astonishing , 2
rusty , 2
hammering , 2
cutting , 2
reflection , 2
tore , 2
sleeve , 2
dying , 2
Feared , 2
mystery , 2
Bad , 2
hushed , 2
cigar , 2
tailors , 2
signing , 2
despise , 2
mournfully , 2
addressing , 2
spires , 2
stranger , 2
Jack , 2
caves , 2
prejudiced , 2
Rule , 2
ruff , 2
snarled , 2
steadily , 2
lain , 2
objects , 2
feed , 2
Christmas , 2
15 , 2
puddings , 2
deaf , 2
rightly , 2
ticked , 2
amazed , 2
applause , 2
Four , 2
resemblance , 2
Fetch , 2
Most , 2
Three , 2
Wait , 2
Twas , 2
crossing , 2
mutiny , 2
spark , 2
despairing , 2
combing , 2
boards , 2
homely , 2
freed , 2
jeeringly , 2
undoing , 2
onset , 2
pairs , 2
blinded , 2
swords , 2
match , 2
frowned , 2
thrust , 2
Rio , 2
magnificent , 2
assailed , 2
thou , 2
crocodiles , 2
pricked , 2
passionate , 2
licking , 2
powder , 2
waistcoat , 2
farewell , 2
Seeing , 2
spared , 2
handkerchief , 2
paid , 2
compliment , 2
16 , 2
tumbled , 2
mate , 2
lustily , 2
Italian , 2
authors , 2
planning , 2
shout , 2
depriving , 2
unhappiness , 2
justice , 2
Blackbeard , 2
strength , 2
suffered , 2
eventful , 2
wetted , 2
imagination , 2
interrupt , 2
Full , 2
enjoying , 2
arrangement , 2
darting , 2
Odds , 2
deserved , 2
bobs , 2
falteringly , 2
creep , 2
17 , 2
halves , 2
pained , 2
affected , 2
hammer , 2
Hoop , 2
la , 2
seizing , 2
tongs , 2
AWAY , 2
preferred , 2
III , 2
IV , 2
V , 2
tedious , 2
Left , 2
Jenkins , 2
gradually , 2
arch , 2
pains , 2
untrue , 2
prize , 2
toys , 2
quicker , 2
engine , 2
ink , 2
bought , 2
imitate , 2
Woman , 2
glance , 2
useless , 2
waste , 2
dense , 2
supposed , 2
ascend , 2
easiest , 2
glimpse , 2
enemies , 2
alarming , 2
L , 2
Frank , 2
Baum , 2
marvelous , 2
winged , 2
happiness , 2
disagreeable , 2
missus , 2
scoundrel , 2
prairies , 2
peering , 2
admire , 2
noted , 2
prairie , 2
baked , 2
curdling , 2
cracks , 2
Barrie , 2
swarthy , 2
sparkle , 2
sober , 2
entreated , 2
expenses , 2
twinkled , 2
wee , 2
dusky , 2
doorstep , 2
fiend , 2
recalled , 2
whirled , 2
feather , 2
strained , 2
afterward , 2
apiece , 2
swaying , 2
Remember , 2
fellows , 2
Lagoon , 2
dismally , 2
sights , 2
stately , 2
brilliant , 2
excuse , 2
queerest , 2
conceited , 2
resented , 2
harmless , 2
prettiest , 2
heaven , 2
marks , 2
swift , 2
wishing , 2
naught , 2
facing , 2
Neverlands , 2
mistaken , 2
dwelt , 2
sorceresses , 2
romp , 2
uncle , 2
sob , 2
Darlings , 2
balanced , 2
seriously , 2
drying , 2
arts , 2
injure , 2
gulped , 2
Second , 2
Stop , 2
peg , 2
gingham , 2
sunbonnet , 2
laying , 2
tinkling , 2
whisked , 2
neat , 2
crops , 2
favorite , 2
Toward , 2
loaded , 2
greeted , 2
regret , 2
entrancing , 2
liking , 2
Blue , 2
sheets , 2
vary , 2
fitting , 2
ripe , 2
pursued , 2
prim , 2
scarecrows , 2
mantelpiece , 2
gratefully , 2
Forest , 2
excused , 2
farms , 2
roadside , 2
fortunate , 2
Luckily , 2
gaiety , 2
harmed , 2
untilled , 2
moidores , 2
dire , 2
leads , 2
stumbling , 2
logs , 2
Rescue , 2
Almost , 2
defying , 2
thankful , 2
footer , 2
stir , 2
Leave , 2
flashing , 2
knives , 2
heartily , 2
following , 2
delightfully , 2
earn , 2
fled , 2
enchanted , 2
chopping , 2
undergo , 2
fed , 2
lingering , 2
Leader , 2
pour , 2
fearing , 2
tremendous , 2
meat , 2
practical , 2
elephants , 2
examining , 2
proves , 2
beetle , 2
crawling , 2
hinges , 2
jaw , 2
deer , 2
roast , 2
tastes , 2
flies , 2
cheap , 2
steep , 2
faintest , 2
dented , 2
echoes , 2
savagely , 2
nipped , 2
snarling , 2
birth , 2
dotted , 2
riverbank , 2
plaintive , 2
refreshed , 2
clinging , 2
pinching , 2
cocky , 2
de , 2
colored , 2
winter , 2
complained , 2
superb , 2
results , 2
Immediately , 2
rows , 2
squeaky , 2
disquieting , 2
plucked , 2
bitten , 2
pegs , 2
sized , 2
zigzag , 2
harnessed , 2
warmly , 2
Gate , 2
upwards , 2
shades , 2
wider , 2
sits , 2
runs , 2
pleases , 2
sizes , 2
planned , 2
porridge , 2
reproachfully , 2
enjoyed , 2
oats , 2
glow , 2
dainty , 2
greenish , 2
tint , 2
idle , 2
errand , 2
wisely , 2
demand , 2
brightness , 2
protected , 2
blocks , 2
pop , 2
destruction , 2
Everyone , 2
caps , 2
Step , 2
entering , 2
seated , 2
Fairies , 2
shown , 2
bone , 2
carved , 2
THROUGH , 2
stupidly , 2
ripping , 2
dimly , 2
About , 2
willingly , 2
echo , 2
eagle , 2
bestow , 2
wisest , 2
imagined , 2
hatred , 2
aloof , 2
ringing , 2
anybody , 2
buttercups , 2
hotly , 2
staggering , 2
shores , 2
hostess , 2
cheers , 2
peck , 2
stings , 2
haste , 2
coal , 2
princes , 2
rubies , 2
Whoever , 2
conceived , 2
examination , 2
Ep , 2
5 , 2
pep , 2
kak , 2
ke , 2
Hil , 2
asks , 2
hol , 2
hel , 2
Ziz , 2
zuz , 2
zik , 2
rumbling , 2
immense , 2
thud , 2
battered , 2
Irish , 2
remaining , 2
grinning , 2
Power , 2
greater , 2
harshly , 2
bobbing , 2
mournful , 2
amuse , 2
troubles , 2
threatened , 2
bathing , 2
invisible , 2
Instantly , 2
melt , 2
TRUE , 2
Feeling , 2
holiday , 2
beastly , 2
Back , 2
tenderly , 2
shedding , 2
Kings , 2
soldering , 2
straightened , 2
Nor , 2
comic , 2
butterfly , 2
patting , 2
manly , 2
Mine , 2
Swim , 2
ruined , 2
kingdom , 2
screaming , 2
deftly , 2
inclined , 2
totting , 2
coat , 2
tricks , 2
ventriloquist , 2
false , 2
Omaha , 2
Humbug , 2
bran , 2
stabbed , 2
patch , 2
sniffed , 2
Drink , 2
advise , 2
glue , 2
strips , 2
jeweled , 2
advice , 2
spreading , 2
disposed , 2
clowns , 2
indicated , 2
milking , 2
lapping , 2
interposed , 2
Clown , 2
stiff , 2
numbers , 2
lately , 2
eats , 2
disgust , 2
nevertheless , 2
housewife , 2
encourage , 2
sticky , 2
bump , 2
slapped , 2
gates , 2
folding , 2
conversations , 2
tapped , 2
remarkable , 2
hedge , 2
dipped , 2
cupboards , 2
shelves , 2
learnt , 2
Latitude , 2
Longitude , 2
Ma , 2
prettier , 2
Children , 2
cheerily , 2
thump , 2
fountains , 2
shutting , 2
label , 2
DRINK , 2
unpleasant , 2
steal , 2
brightened , 2
Pirates , 2
nastier , 2
skurried , 2
presents , 2
male , 2
dot , 2
Paris , 2
Rome , 2
doth , 2
mutter , 2
narrow , 2
declare , 2
railway , 2
conclusion , 2
digging , 2
relieved , 2
Conqueror , 2
catching , 2
useful , 2
pavement , 2
measuring , 2
CULPA , 2
assembled , 2
proposed , 2
Edwin , 2
Morcar , 2
earls , 2
Mercia , 2
Northumbria , 2
Ugh , 2
proceed , 2
archbishop , 2
Found , 2
frog , 2
panting , 2
Prizes , 2
comfits , 2
Away , 2
D , 2
Fury , 2
wasting , 2
Crab , 2
sands , 2
sensation , 2
footsteps , 2
ferrets , 2
nowhere , 2
messages , 2
drunk , 2
stoop , 2
cucumber , 2
Digging , 2
apples , 2
goose , 2
TWO , 2
squeaking , 2
barrowful , 2
shower , 2
pebbles , 2
extraordinarily , 2
coaxing , 2
thistle , 2
thirty , 2
encouraging , 2
Explain , 2
anger , 2
unfolded , 2
OLD , 2
FATHER , 2
WILLIAM , 2
somersault , 2
QUITE , 2
firewood , 2
T , 2
nibbled , 2
violent , 2
lefthand , 2
wandering , 2
Alf , 2
roots , 2
yonder , 2
entangled , 2
Pig , 2
Pepper , 2
Fish , 2
secondly , 2
savages , 2
intense , 2
cauldron , 2
Ever , 2
breaths , 2
sneeze , 2
habit , 2
plates , 2
sneezes , 2
CHORUS , 2
Wow , 2
clenched , 2
IF , 2
axes , 2
explanation , 2
denied , 2
guesses , 2
raving , 2
giddy , 2
surf , 2
cushion , 2
wine , 2
SAID , 2
riddles , 2
BEST , 2
MINE , 2
humblest , 2
concert , 2
parties , 2
opens , 2
braid , 2
pinched , 2
sisters , 2
Mason , 2
MORE , 2
Treacle , 2
interrupting , 2
attire , 2
courtiers , 2
ornamented , 2
royal , 2
crimson , 2
occasions , 2
carpeted , 2
moss , 2
unrolled , 2
boast , 2
quarrelling , 2
stamping , 2
circling , 2
collected , 2
HER , 2
plunge , 2
tempered , 2
Tis , 2
experiment , 2
executions , 2
Everybody , 2
Spanish , 2
regular , 2
Uglification , 2
Mystery , 2
clutched , 2
upstairs , 2
deepest , 2
lobster , 2
messy , 2
henceforth , 2
editions , 2
tones , 2
persisted , 2
blinds , 2
cares , 2
Pennyworth , 2
scroll , 2
parchment , 2
cough , 2
blasts , 2
Whatever , 2
babes , 2
passes , 2
singers , 2
deny , 2
miserable , 2
Main , 2
examine , 2
undertone , 2
goldfish , 2
UNimportant , 2
atom , 2
GAVE , 2
THEY , 2
FIT , 2
teacups , 2
Wonderland , 2
lubbers , 1
instrument , 1
Indian , 1
marvellous , 1
byes , 1
clad , 1
smirked , 1
Rapidly , 1
arrange , 1
measures , 1
DO , 1
Set , 1
BELIEVE , 1
Free , 1
FAIRIES , 1
sneering , 1
ruthless , 1
bales , 1
goods , 1
accorded , 1
ironical , 1
offering , 1
escorted , 1
gagged , 1
DISTINGUE , 1
imposingly , 1
sung , 1
divulge , 1
entranced , 1
haughtily , 1
unhanded , 1
hurled , 1
spare , 1
verbs , 1
Absolutely , 1
laboured , 1
trussing , 1
equal , 1
parcels , 1
German , 1
tags , 1
ends , 1
breadwinner , 1
parcel , 1
hauteur , 1
malicious , 1
sweating , 1
bumpy , 1
scorning , 1
probing , 1
effects , 1
causes , 1
wherein , 1
cords , 1
lurches , 1
Madly , 1
addicted , 1
consequence , 1
girth , 1
reducing , 1
whittled , 1
Sufficient , 1
assure , 1
persuade , 1
basketful , 1
betray , 1
subterranean , 1
caverns , 1
candles , 1
captives , 1
convey , 1
Hunched , 1
hostile , 1
Mark , 1
tiffs , 1
morass , 1
surmounted , 1
conveyance , 1
amends , 1
Occasionally , 1
jet , 1
puckered , 1
juices , 1
upside , 1
hailed , 1
perfect , 1
provided , 1
brooding , 1
omen , 1
entrances , 1
arisen , 1
refreshingly , 1
clumsily , 1
periwinkle , 1
Intently , 1
nether , 1
ruffling , 1
void , 1
quaking , 1
lewd , 1
budge , 1
tingling , 1
shaft , 1
importantly , 1
beamed , 1
sick , 1
moan , 1
Unaware , 1
forlorn , 1
lace , 1
coverlet , 1
vex , 1
haughty , 1
painful , 1
separated , 1
Also , 1
Affrighted , 1
singularly , 1
disappearing , 1
gnomes , 1
Stars , 1
calmer , 1
indignity , 1
subjected , 1
dreamless , 1
winced , 1
unfinished , 1
stranded , 1
defenceless , 1
compassion , 1
dejection , 1
status , 1
performer , 1
harpsichord , 1
idyllic , 1
stirred , 1
shoots , 1
Mastered , 1
reluctantly , 1
kidnap , 1
drooping , 1
personification , 1
princely , 1
buckets , 1
offensiveness , 1
steeled , 1
disregarded , 1
rollicking , 1
precisely , 1
tearing , 1
lamp , 1
ardently , 1
stealthy , 1
Swear , 1
automatically , 1
disordered , 1
visibly , 1
romped , 1
innermost , 1
fathomed , 1
straightaway , 1
Lest , 1
blended , 1
dealing , 1
possession , 1
boiled , 1
liquid , 1
virulent , 1
playful , 1
vaguely , 1
avoided , 1
faltered , 1
unnerve , 1
spilling , 1
gloating , 1
wormed , 1
heave , 1
Donning , 1
angle , 1
misgiving , 1
motherly , 1
worms , 1
guttered , 1
edges , 1
cozening , 1
tapping , 1
Soft , 1
cheating , 1
active , 1
fishing , 1
Unlike , 1
visitor , 1
mistresses , 1
flushed , 1
stained , 1
Spirit , 1
ungrammatical , 1
dost , 1
ribbons , 1
conjurers , 1
supreme , 1
capture , 1
pirating , 1
tinker , 1
leaping , 1
writhing , 1
blanch , 1
pickle , 1
Matthew , 1
Poisoned , 1
believing , 1
pitted , 1
mushrooms , 1
movements , 1
drained , 1
dregs , 1
reeling , 1
islands , 1
tottering , 1
fainter , 1
recall , 1
lairs , 1
parted , 1
affirmative , 1
clap , 1
scalp , 1
patronisingly , 1
ingratiating , 1
nurseries , 1
appearances , 1
holidays , 1
cloudy , 1
begirt , 1
belted , 1
perilous , 1
quest , 1
chosen , 1
fitful , 1
trailing , 1
acquainting , 1
tooth , 1
astir , 1
captained , 1
tickle , 1
adept , 1
obliterated , 1
footmarks , 1
deathly , 1
pervaded , 1
Nature , 1
induce , 1
lore , 1
recollections , 1
seeds , 1
hut , 1
upper , 1
blonde , 1
PIRATE , 1
SHIP , 1
squinting , 1
Kidd , 1
Creek , 1
brunette , 1
speedy , 1
hull , 1
noiselessly , 1
detestable , 1
strewn , 1
mangled , 1
cannibal , 1
seas , 1
heeded , 1
immune , 1
wrapped , 1
blanket , 1
agreeable , 1
whir , 1
Against , 1
obliging , 1
essence , 1
commonplace , 1
infinitely , 1
pathetically , 1
fearful , 1
fount , 1
flow , 1
Answer , 1
ego , 1
slipping , 1
miasma , 1
putrid , 1
mist , 1
sprawled , 1
dice , 1
inmates , 1
prone , 1
firmament , 1
skillfully , 1
unfathomable , 1
appalling , 1
tabernacle , 1
paced , 1
pamper , 1
bellied , 1
feminine , 1
gait , 1
communing , 1
quietude , 1
comparatively , 1
inscrutable , 1
angelically , 1
socially , 1
date , 1
intuitions , 1
largely , 1
essay , 1
grappled , 1
adhered , 1
slouch , 1
40 , 1
degenerated , 1
Vegetable , 1
creaking , 1
Mineral , 1
portals , 1
artfully , 1
Animal , 1
eternal , 1
Fame , 1
fame , 1
bauble , 1
Holidays , 1
retort , 1
peeled , 1
vitals , 1
sharper , 1
Ordinary , 1
perspiration , 1
dripped , 1
tallow , 1
waxy , 1
streaked , 1
doublet , 1
Ofttimes , 1
tomahawks , 1
damming , 1
envy , 1
presentiment , 1
dissolution , 1
boarded , 1
casually , 1
Characters , 1
ambition , 1
darkest , 1
referred , 1
hemming , 1
wiggled , 1
compared , 1
palm , 1
itched , 1
revolved , 1
regretfully , 1
sleuth , 1
hound , 1
eligible , 1
Pop , 1
elite , 1
Eton , 1
arrested , 1
enchantments , 1
impotent , 1
powerless , 1
discipline , 1
relaxed , 1
bacchanalian , 1
drunken , 1
traces , 1
Execution , 1
scugs , 1
din , 1
villains , 1
slamming , 1
ranged , 1
lolled , 1
humming , 1
unmelodiously , 1
snatches , 1
fingering , 1
henchmen , 1
Into , 1
irritate , 1
unnecessarily , 1
leaped , 1
prudent , 1
absent , 1
buffer , 1
lam , 1
engrossed , 1
prudently , 1
ha , 1
Stow , 1
gab , 1
spokesmen , 1
plunging , 1
pluck , 1
Didst , 1
doubted , 1
experienced , 1
hankering , 1
maths , 1
prep , 1
Red , 1
recognition , 1
grasp , 1
Joe , 1
gratitude , 1
traits , 1
burying , 1
swear , 1
Cave , 1
banging , 1
barrel , 1
vindictive , 1
Britannia , 1
seals , 1
preparing , 1
glamour , 1
tidied , 1
porthole , 1
grimy , 1
Dirty , 1
Milky , 1
syrup , 1
Fine , 1
intensity , 1
communings , 1
soiled , 1
Strung , 1
hasty , 1
mixing , 1
offing , 1
whoop , 1
gloatingly , 1
awed , 1
hysterically , 1
cease , 1
Tie , 1
disdainfully , 1
manfully , 1
capacity , 1
intention , 1
anguish , 1
wring , 1
whence , 1
proceeded , 1
actors , 1
spectators , 1
clipped , 1
joint , 1
Danger , 1
sly , 1
inactive , 1
intrinsic , 1
attacking , 1
corkscrew , 1
averted , 1
rib , 1
Fate , 1
dock , 1
loosen , 1
sprout , 1
pinked , 1
aid , 1
rouse , 1
suspicion , 1
Dress , 1
Farther , 1
HOOK , 1
OR , 1
Scatter , 1
seeking , 1
TIME , 1
Odd , 1
pampas , 1
blamed , 1
heaved , 1
backing , 1
bare , 1
deprived , 1
closest , 1
catastrophe , 1
affrighted , 1
superbly , 1
unforeseen , 1
regaining , 1
splashes , 1
thrill , 1
encountering , 1
thimbled , 1
ingenious , 1
confide , 1
noiseless , 1
whooping , 1
Kennel , 1
cowering , 1
abject , 1
raisin , 1
Way , 1
realised , 1
windy , 1
Ed , 1
Teynte , 1
quartermaster , 1
forecastle , 1
reader , 1
stifle , 1
Strangely , 1
carrion , 1
engage , 1
possibility , 1
screwing , 1
distressed , 1
Slowly , 1
Plank , 1
brazenly , 1
hating , 1
unbend , 1
ditty , 1
frisky , 1
Till , 1
terrorize , 1
grimacing , 1
Inmate , 1
everyday , 1
resumed , 1
Anon , 1
writ , 1
passions , 1
tottered , 1
haggard , 1
towering , 1
maid , 1
pit , 1
gibbering , 1
steely , 1
Similar , 1
contest , 1
bravest , 1
cowered , 1
stowing , 1
musingly , 1
acquainted , 1
crawl , 1
rallied , 1
odds , 1
crosses , 1
volunteer , 1
creased , 1
heroes , 1
brandished , 1
swing , 1
confessed , 1
ringleader , 1
Shake , 1
proffering , 1
backed , 1
pickles , 1
stomach , 1
grander , 1
precipitated , 1
Seizing , 1
menacing , 1
disgrace , 1
shortly , 1
reluctance , 1
unfavourably , 1
mutinous , 1
superstitious , 1
surest , 1
accurst , 1
accounted , 1
gladness , 1
viciously , 1
likeness , 1
nigh , 1
Tons , 1
Open , 1
ironed , 1
devotedly , 1
uses , 1
reappearance , 1
manacles , 1
tuck , 1
hearten , 1
fangs , 1
cajole , 1
quailing , 1
Jonah , 1
lads , 1
Fling , 1
missy , 1
compete , 1
avenger , 1
twas , 1
gap , 1
essayed , 1
Cleave , 1
brisket , 1
resounding , 1
carousing , 1
unstrung , 1
survivor , 1
stronger , 1
ornaments , 1
defensive , 1
hunt , 1
dazed , 1
quarry , 1
scorn , 1
recesses , 1
tense , 1
reeking , 1
horrified , 1
monotonously , 1
eleven , 1
charmed , 1
bay , 1
unfairly , 1
hewed , 1
buckler , 1
shield , 1
fray , 1
newcomer , 1
placid , 1
Proud , 1
insolent , 1
coldly , 1
thy , 1
thee , 1
swordsman , 1
parried , 1
rapidity , 1
feint , 1
lunge , 1
defence , 1
stead , 1
wincing , 1
nimble , 1
wrist , 1
cuts , 1
lured , 1
decay , 1
unfair , 1
astonishment , 1
quietus , 1
pawing , 1
lunging , 1
pierced , 1
ribs , 1
clawed , 1
opponent , 1
Hitherto , 1
daily , 1
occurrence , 1
pestilent , 1
pinnacle , 1
flail , 1
corrected , 1
severed , 1
twain , 1
obstructed , 1
zone , 1
dogged , 1
pursuit , 1
swum , 1
cinder , 1
Abandoning , 1
alongside , 1
shell , 1
Misguided , 1
sympathising , 1
flouting , 1
scornful , 1
staggered , 1
impotently , 1
slouching , 1
necklace , 1
headmaster , 1
fibre , 1
socks , 1
unheroic , 1
scouring , 1
prowl , 1
advancing , 1
purposely , 1
enormously , 1
grudge , 1
bulwark , 1
gliding , 1
stab , 1
whelps , 1
Seventeen , 1
Fifteen , 1
tilted , 1
penalty , 1
crimes , 1
captured , 1
precarious , 1
glistening , 1
prominent , 1
praised , 1
equally , 1
nail , 1
bunks , 1
strutted , 1
seigneur , 1
Delawares , 1
RETURN , 1
stumps , 1
chewing , 1
tobacco , 1
donned , 1
shaved , 1
smartly , 1
Hurons , 1
nautical , 1
hitching , 1
whelp , 1
tars , 1
fo , 1
c , 1
sle , 1
lashed , 1
wheel , 1
piped , 1
delivered , 1
hearties , 1
scum , 1
Gold , 1
Coast , 1
bluff , 1
strident , 1
raced , 1
humiliating , 1
nosed , 1
chart , 1
weather , 1
compliments , 1
Azores , 1
21st , 1
June , 1
robin , 1
Cpt , 1
Instant , 1
obedience , 1
perplexed , 1
soundings , 1
lull , 1
forefinger , 1
aloft , 1
desolate , 1
characters , 1
ooze , 1
neglected , 1
gulps , 1
sympathy , 1
bet , 1
lawful , 1
occupants , 1
braces , 1
thankless , 1
spending , 1
petulantly , 1
contrived , 1
confess , 1
van , 1
repacking , 1
30 , 1
rapture , 1
consulted , 1
embrace , 1
grandly , 1
pettishly , 1
Dash , 1
upbraid , 1
wounded , 1
whistles , 1
madam , 1
grizzly , 1
observe , 1
lookers , 1
jaggy , 1
baldness , 1
eighteen , 1
invitations , 1
screeched , 1
bitterness , 1
Big , 1
excess , 1
deference , 1
stove , 1
attracted , 1
Inwardly , 1
sardines , 1
preserved , 1
calm , 1
exterior , 1
criticised , 1
Quixotic , 1
inward , 1
leaked , 1
Crowds , 1
autograph , 1
interviews , 1
boasted , 1
rubbishy , 1
withered , 1
moves , 1
restlessly , 1
bolt , 1
brats , 1
filmy , 1
novel , 1
puts , 1
angels , 1
yore , 1
kings , 1
incapable , 1
motives , 1
Outside , 1
gratifying , 1
Lots , 1
adults , 1
flush , 1
reproof , 1
Social , 1
spoilt , 1
sweeter , 1
reassuringly , 1
Pale , 1
rated , 1
tiptoed , 1
governor , 1
drowsy , 1
piano , 1
thoughtlessly , 1
musical , 1
exterminated , 1
escort , 1
Since , 1
thimbles , 1
bragged , 1
tune , 1
tremour , 1
Sweet , 1
exultantly , 1
impede , 1
unbar , 1
sneer , 1
drum , 1
unashamed , 1
youngest , 1
whistled , 1
frank , 1
bandaged , 1
aback , 1
Bringing , 1
twinge , 1
BIRD , 1
nursed , 1
envelop , 1
lovelier , 1
ecstasies , 1
retiring , 1
WHEN , 1
GREW , 1
UP , 1
stair , 1
depressed , 1
honeyed , 1
bedchambers , 1
grudging , 1
flushing , 1
Napoleon , 1
unworthily , 1
mends , 1
unfavourable , 1
consent , 1
treating , 1
cooed , 1
zero , 1
absurdly , 1
lukewarm , 1
nicest , 1
Steadily , 1
craftily , 1
escorting , 1
comforter , 1
repulsed , 1
gulp , 1
idly , 1
longingly , 1
tightened , 1
laughs , 1
nests , 1
mauve , 1
sillies , 1
Sneaky , 1
pirouette , 1
religion , 1
permanent , 1
halfpenny , 1
suggestions , 1
ecstatically , 1
disrespectful , 1
ripped , 1
definite , 1
winning , 1
sympathetic , 1
solidity , 1
goats , 1
weaker , 1
Round , 1
minor , 1
younger , 1
precise , 1
diversions , 1
buses , 1
deckers , 1
tug , 1
bus , 1
Want , 1
jeered , 1
hander , 1
woven , 1
berries , 1
thrilling , 1
talks , 1
efforts , 1
scattering , 1
RACONTEUR , 1
qualities , 1
Dictionary , 1
specimen , 1
cadaverous , 1
tormented , 1
driver , 1
train , 1
engineer , 1
title , 1
astounding , 1
firmness , 1
bearded , 1
detected , 1
sash , 1
alight , 1
forbid , 1
banns , 1
formal , 1
announcement , 1
translate , 1
root , 1
inquiring , 1
fanciful , 1
cents , 1
mortgage , 1
drag , 1
convinced , 1
sheet , 1
tent , 1
object , 1
plus , 1
Stranger , 1
sweetheart , 1
touchiness , 1
artful , 1
admits , 1
embarked , 1
clutches , 1
interrupts , 1
described , 1
Lucky , 1
daring , 1
guilty , 1
squeezing , 1
intelligently , 1
Should , 1
judgment , 1
Girl , 1
faltering , 1
Claws , 1
storyteller , 1
agitatedly , 1
sanguinary , 1
smiles , 1
stooped , 1
Show , 1
Say , 1
upraised , 1
tempers , 1
trifles , 1
gloriously , 1
nighty , 1
ecstasy , 1
descended , 1
shameless , 1
dunderheaded , 1
jay , 1
receding , 1
germs , 1
listens , 1
grows , 1
neighbourhood , 1
peculiarities , 1
Dianas , 1
deserting , 1
Diana , 1
Introduction , 1
Folklore , 1
legends , 1
myths , 1
serves , 1
ages , 1
healthy , 1
youngster , 1
wholesome , 1
instinctive , 1
fantastic , 1
goddess , 1
manifestly , 1
unreal , 1
balance , 1
Grimm , 1
Andersen , 1
belle , 1
childish , 1
creations , 1
served , 1
generations , 1
classed , 1
historical , 1
library , 1
newer , 1
stereotyped , 1
genie , 1
dwarf , 1
eliminated , 1
incidents , 1
devised , 1
Modern , 1
includes , 1
morality , 1
seeks , 1
entertainment , 1
dispenses , 1
repute , 1
solely , 1
aspires , 1
modernized , 1
wonderment , 1
heartaches , 1
nightmares , 1
Chicago , 1
April , 1
1900 , 1
WONDERFUL , 1
WIZARD , 1
buccaneers , 1
OZ , 1
Cyclone , 1
buried , 1
whip , 1
unlike , 1
hoard , 1
Gao , 1
mood , 1
squeak , 1
grimly , 1
lumber , 1
wagon , 1
contained , 1
cookstove , 1
paled , 1
loyally , 1
garret , 1
tunes , 1
dug , 1
showers , 1
whirlwinds , 1
crush , 1
distinguish , 1
loan , 1
fidgeting , 1
naughtiness , 1
indifferently , 1
halo , 1
gulls , 1
plowed , 1
pounced , 1
raging , 1
scurvy , 1
blistered , 1
rains , 1
coquettish , 1
tarpaulin , 1
watertight , 1
respected , 1
Unrip , 1
gaunt , 1
orphan , 1
drawbacks , 1
classical , 1
glassy , 1
rarely , 1
unsteady , 1
surroundings , 1
silky , 1
crumpled , 1
Brussels , 1
reared , 1
Mysterious , 1
Today , 1
shirt , 1
grayer , 1
waves , 1
storm , 1
confidently , 1
ripples , 1
sheds , 1
sail , 1
fashioned , 1
thickness , 1
snugly , 1
halfway , 1
hangings , 1
footing , 1
River , 1
discussing , 1
Matter , 1
beached , 1
moles , 1
whirls , 1
barque , 1
rocked , 1
Bird , 1
closing , 1
accidents , 1
Hour , 1
shortish , 1
worrying , 1
flirting , 1
amorous , 1
revelation , 1
Council , 1
mentioning , 1
beaching , 1
severe , 1
youngsters , 1
whined , 1
airing , 1
dining , 1
flooding , 1
rejoicings , 1
greensward , 1
methods , 1
luscious , 1
quivered , 1
Banks , 1
gobble , 1
rare , 1
wildest , 1
plumage , 1
bushes , 1
describing , 1
murmuring , 1
inflated , 1
folk , 1
brims , 1
tinkled , 1
terrify , 1
pleats , 1
articles , 1
sprinkled , 1
calculating , 1
Strong , 1
beards , 1
doubtless , 1
dodgy , 1
waggle , 1
perplexing , 1
elle , 1
Sorceress , 1
Aha , 1
staying , 1
gurgles , 1
Guadjo , 1
demanding , 1
recess , 1
distances , 1
hesitation , 1
glorying , 1
anyway , 1
block , 1
shod , 1
intensely , 1
expressive , 1
clasping , 1
imperiously , 1
begs , 1
favor , 1
happier , 1
wayward , 1
communication , 1
narrate , 1
messenger , 1
overtook , 1
staves , 1
orgy , 1
Nought , 1
slings , 1
apartment , 1
yell , 1
HAPPY , 1
altar , 1
visits , 1
mo , 1
countries , 1
sarcastic , 1
hatchet , 1
obviously , 1
amongst , 1
propose , 1
strayed , 1
sweater , 1
connected , 1
delayed , 1
lend , 1
blinked , 1
surrounds , 1
pipe , 1
handkerchiefs , 1
tit , 1
bits , 1
chalk , 1
LET , 1
DOROTHY , 1
GO , 1
correctly , 1
CITY , 1
EMERALDS , 1
prostrating , 1
Whether , 1
lordly , 1
grovelled , 1
corks , 1
Seems , 1
nod , 1
straightway , 1
responsible , 1
Saved , 1
protecting , 1
tattooed , 1
affectionate , 1
yawn , 1
Observe , 1
flutter , 1
velly , 1
checks , 1
stilled , 1
washings , 1
cringe , 1
condescendingly , 1
leather , 1
smothered , 1
expectantly , 1
remembers , 1
Tick , 1
soberly , 1
nearby , 1
WALRUS , 1
Within , 1
ally , 1
snuggest , 1
Secretly , 1
mastery , 1
foolishly , 1
vegetables , 1
abundance , 1
Evidently , 1
farmers , 1
sympathised , 1
dwellings , 1
oozed , 1
loyal , 1
complaints , 1
lawn , 1
fiddlers , 1
squaw , 1
pies , 1
fastidious , 1
undressing , 1
richest , 1
celebrate , 1
freedom , 1
gathering , 1
uneventful , 1
settee , 1
Tedious , 1
smoothing , 1
succulence , 1
guzzling , 1
ninety , 1
rug , 1
greed , 1
amused , 1
soared , 1
breathless , 1
scoundrels , 1
cauliflowers , 1
chatter , 1
recriminations , 1
missile , 1
obligation , 1
entreatingly , 1
sack , 1
deafening , 1
emerging , 1
stalks , 1
topper , 1
grabbing , 1
husky , 1
honourable , 1
troubling , 1
stillest , 1
confidentially , 1
treads , 1
pin , 1
excusing , 1
frankness , 1
addition , 1
smelled , 1
suspected , 1
bites , 1
lighted , 1
Road , 1
meals , 1
refer , 1
uneven , 1
armchair , 1
forsaken , 1
overhanging , 1
dismal , 1
lonesome , 1
predicaments , 1
pursuers , 1
dreary , 1
baying , 1
Hallo , 1
perturbed , 1
FLIGHT , 1
cuckoo , 1
hopped , 1
exciting , 1
ford , 1
Brains , 1
boudoir , 1
apologetic , 1
topping , 1
vanish , 1
grumbling , 1
Anyone , 1
required , 1
gorging , 1
rummaged , 1
coinage , 1
constitutes , 1
rasping , 1
bashfully , 1
truest , 1
primness , 1
Portuguese , 1
squirrels , 1
inconvenient , 1
cockier , 1
obstructing , 1
distorted , 1
ray , 1
dative , 1
uplifted , 1
coughing , 1
jointed , 1
cheese , 1
snap , 1
groaning , 1
defiance , 1
groaned , 1
sharpening , 1
Oil , 1
motley , 1
release , 1
load , 1
remonstrated , 1
shouldered , 1
swallows , 1
owed , 1
woodman , 1
sold , 1
woodchopper , 1
trifle , 1
breathlessly , 1
loneliness , 1
housework , 1
attitude , 1
bedtime , 1
Thereupon , 1
breeding , 1
expressions , 1
misfortune , 1
narrower , 1
chopper , 1
J , 1
daunted , 1
wonderfuller , 1
splitting , 1
fastening , 1
rainstorm , 1
Watch , 1
happiest , 1
pond , 1
unexplored , 1
simpered , 1
exaggerated , 1
dwells , 1
butting , 1
spinning , 1
Dance , 1
heedless , 1
shark , 1
dancer , 1
awestruck , 1
whirl , 1
blunted , 1
scratched , 1
gulch , 1
remarkably , 1
shirts , 1
armful , 1
Whenever , 1
puppies , 1
insinuated , 1
fairest , 1
unbearable , 1
approve , 1
crushed , 1
discoveries , 1
During , 1
mar , 1
People , 1
progeny , 1
ceremonies , 1
combined , 1
motions , 1
relieve , 1
bug , 1
rusts , 1
Thereafter , 1
ant , 1
toiling , 1
unkind , 1
gives , 1
bottles , 1
Journey , 1
dew , 1
weary , 1
warmed , 1
warming , 1
toil , 1
MERMAIDS , 1
padded , 1
flames , 1
snug , 1
Coddle , 1
moans , 1
divided , 1
jagged , 1
LAGOON , 1
ex , 1
blinking , 1
chaining , 1
feeding , 1
mountains , 1
primly , 1
Lions , 1
formally , 1
leaps , 1
discomfort , 1
depths , 1
mischiefed , 1
monstrous , 1
inclining , 1
suspect , 1
bridge , 1
backward , 1
devoted , 1
extreme , 1
brutes , 1
coracles , 1
Wendies , 1
thinner , 1
terrified , 1
customs , 1
meadows , 1
genuine , 1
bordered , 1
railing , 1
nettled , 1
bedroom , 1
untiring , 1
cozy , 1
securely , 1
Deadly , 1
Poppy , 1
jealous , 1
eavesdropping , 1
breakfasted , 1
peaches , 1
plums , 1
Behind , 1
discouragements , 1
beckon , 1
disguise , 1
nippy , 1
friendship , 1
downstream , 1
enchant , 1
elegance , 1
tighter , 1
grassy , 1
wistfully , 1
glories , 1
syllables , 1
grabbed , 1
Tol , 1
interpreted , 1
ri , 1
Z , 1
translation , 1
trifling , 1
blossoms , 1
clusters , 1
Fancy , 1
rejoice , 1
poohed , 1
Aren , 1
spicy , 1
bows , 1
frail , 1
meadow , 1
odor , 1
breathes , 1
sleeps , 1
smell , 1
aroused , 1
sixty , 1
pursue , 1
attached , 1
wiggle , 1
bounding , 1
deliciously , 1
creepy , 1
glowed , 1
witting , 1
exquisitely , 1
nightly , 1
troublesome , 1
hereafter , 1
flee , 1
plied , 1
uproariously , 1
clump , 1
tremulously , 1
vivid , 1
repay , 1
boxes , 1
trust , 1
peppered , 1
riverside , 1
inform , 1
conspicuous , 1
wheels , 1
pillows , 1
Permit , 1
bout , 1
curtsy , 1
fasten , 1
heavenly , 1
poisonous , 1
Eventually , 1
rescued , 1
unharnessed , 1
assistance , 1
Were , 1
awaken , 1
Black , 1
diction , 1
fragrance , 1
Murphy , 1
generously , 1
Mab , 1
fully , 1
HOUSE , 1
rejoiced , 1
tweaked , 1
clothing , 1
Foolish , 1
peaked , 1
Gentleman , 1
starved , 1
conqueror , 1
tame , 1
winking , 1
lets , 1
thorough , 1
STORY , 1
Overhead , 1
Silly , 1
lasting , 1
usher , 1
brownie , 1
regrets , 1
eaters , 1
shapes , 1
admonished , 1
cautioned , 1
swearing , 1
scrambled , 1
floors , 1
varied , 1
jowl , 1
nearing , 1
scrawled , 1
inspired , 1
gowned , 1
glittered , 1
silvery , 1
clothed , 1
distinction , 1
descendant , 1
perplexity , 1
Descendants , 1
bask , 1
flewed , 1
reflections , 1
Hurrah , 1
crowding , 1
demeanour , 1
dash , 1
glory , 1
blind , 1
unlock , 1
sank , 1
acorn , 1
bands , 1
glare , 1
Taking , 1
portal , 1
jot , 1
lined , 1
lure , 1
deliver , 1
panes , 1
assorted , 1
shops , 1
Green , 1
candy , 1
uneventfully , 1
sale , 1
bedspreads , 1
selling , 1
lemonade , 1
pennies , 1
carts , 1
indefinitely , 1
eaves , 1
prosperous , 1
uniform , 1
heroine , 1
bracing , 1
furniture , 1
mat , 1
finest , 1
sole , 1
yourselves , 1
stops , 1
exulting , 1
jealousy , 1
peeps , 1
murders , 1
bolder , 1
passages , 1
flights , 1
sweetest , 1
track , 1
counterpane , 1
fountain , 1
spray , 1
perfume , 1
indomitable , 1
basin , 1
uncertain , 1
dresses , 1
sorrier , 1
expose , 1
lodged , 1
alighting , 1
shied , 1
weaving , 1
web , 1
purred , 1
brocaded , 1
Station , 1
reflecting , 1
costumes , 1
fathers , 1
crammed , 1
excited , 1
sparkled , 1
gems , 1
Somehow , 1
giant , 1
Small , 1
Meek , 1
Send , 1
queerly , 1
Kill , 1
portly , 1
Sorrowfully , 1
Pretty , 1
pomp , 1
gauze , 1
accompanying , 1
estate , 1
Morgan , 1
Growing , 1
prettily , 1
stuffing , 1
praying , 1
dominions , 1
favors , 1
blossom , 1
sublime , 1
earned , 1
suitable , 1
rhinoceros , 1
slim , 1
Thick , 1
woolly , 1
signalled , 1
daddy , 1
gruffly , 1
kindest , 1
loudest , 1
compel , 1
pen , 1
customary , 1
veil , 1
glowing , 1
singed , 1
tremblingly , 1
Wizards , 1
narrator , 1
mirror , 1
sharpened , 1
grindstone , 1
cock , 1
cackling , 1
hen , 1
Search , 1
Greetings , 1
kicking , 1
sets , 1
saluted , 1
skip , 1
suspects , 1
prince , 1
rougher , 1
hillier , 1
attractive , 1
cheeky , 1
combs , 1
traveling , 1
angrier , 1
Straightway , 1
darken , 1
smacked , 1
Fly , 1
haunting , 1
Forthwith , 1
buzzing , 1
swarm , 1
overlooked , 1
commanded , 1
scatter , 1
callous , 1
hurting , 1
scattered , 1
reclined , 1
braggart , 1
spears , 1
glorious , 1
strap , 1
plans , 1
romps , 1
soccer , 1
solicitously , 1
utter , 1
tidings , 1
Newfoundland , 1
affright , 1
agitation , 1
stinging , 1
candour , 1
concealed , 1
assumed , 1
toads , 1
coddled , 1
resolutely , 1
UNDER , 1
forgetful , 1
arrangements , 1
coolly , 1
ISLAND , 1
wrath , 1
spoiling , 1
darkened , 1
unchipped , 1
monkeys , 1
vindictively , 1
unworthy , 1
thickly , 1
dealers , 1
Panic , 1
fingers , 1
washstand , 1
coils , 1
scratch , 1
hairy , 1
Pie , 1
motioning , 1
GROUND , 1
extremity , 1
Evil , 1
carries , 1
unluckily , 1
collided , 1
soul , 1
differently , 1
appeal , 1
goals , 1
silliest , 1
bars , 1
imprisoned , 1
Grandly , 1
silliness , 1
bleed , 1
whining , 1
longing , 1
behave , 1
hanger , 1
skinny , 1
exceeding , 1
someday , 1
wetting , 1
certainty , 1
striding , 1
melting , 1
tires , 1
Didn , 1
mess , 1
cleaned , 1
turf , 1
rejoicing , 1
cruelty , 1
keepers , 1
feasting , 1
sprawly , 1
rocky , 1
plain , 1
courier , 1
insubordination , 1
reefs , 1
grammar , 1
recklessly , 1
plight , 1
negligee , 1
tools , 1
straighten , 1
dents , 1
solder , 1
mend , 1
twisting , 1
bending , 1
secretly , 1
polishing , 1
pounding , 1
craftiness , 1
rescuing , 1
mending , 1
goldsmith , 1
hopping , 1
burnished , 1
behold , 1
reunited , 1
pluperfect , 1
Finding , 1
headed , 1
inlaid , 1
ached , 1
pathway , 1
smelling , 1
sometime , 1
grumble , 1
interlopers , 1
whimper , 1
tramping , 1
bubble , 1
equipped , 1
humans , 1
Among , 1
plague , 1
wearer , 1
lining , 1
Hello , 1
flapping , 1
reversible , 1
intended , 1
rode , 1
gardens , 1
upbraided , 1
attend , 1
Whose , 1
smelt , 1
Novelty , 1
hastened , 1
beseechingly , 1
costume , 1
beckoning , 1
spotted , 1
spoiled , 1
dastard , 1
silks , 1
Crediting , 1
nobler , 1
whosoever , 1
bride , 1
enslave , 1
rapid , 1
Discovery , 1
Melted , 1
Afterward , 1
becomes , 1
flinch , 1
bared , 1
hardships , 1
slavery , 1
sleepless , 1
Promptly , 1
whiskered , 1
aped , 1
converse , 1
Strike , 1
dine , 1
bald , 1
wrinkled , 1
Making , 1
overheard , 1
exclusively , 1
Much , 1
screens , 1
Thursdays , 1
Doesn , 1
fooled , 1
bewilderment , 1
granted , 1
thicknesses , 1
wire , 1
novelty , 1
deceive , 1
mask , 1
slats , 1
knocks , 1
cotton , 1
smells , 1
mewed , 1
balloonist , 1
awe , 1
abounding , 1
metals , 1
desist , 1
magical , 1
genial , 1
Experience , 1
brings , 1
magician , 1
confidence , 1
thumbs , 1
medicinal , 1
Magic , 1
Art , 1
Congratulate , 1
cheerful , 1
unfastened , 1
emptied , 1
authentic , 1
portion , 1
servant , 1
hates , 1
mixture , 1
Hereafter , 1
fulfillment , 1
shears , 1
sawdust , 1
Charming , 1
reverently , 1
Placing , 1
breadth , 1
indifference , 1
departure , 1
Balloon , 1
Launched , 1
lethargy , 1
kinder , 1
army , 1
coated , 1
Sixth , 1
Hot , 1
deceived , 1
stitching , 1
BREAKS , 1
airtight , 1
silken , 1
Gradually , 1
tugging , 1
lighter , 1
Hurry , 1
crack , 1
upward , 1
lovingly , 1
Wise , 1
18 , 1
Truly , 1
ungrateful , 1
mourn , 1
undignified , 1
braiding , 1
unlucky , 1
seething , 1
modestly , 1
briefly , 1
coaxed , 1
summoned , 1
elder , 1
starts , 1
19 , 1
Attacked , 1
Fighting , 1
Trees , 1
offence , 1
outer , 1
chased , 1
moths , 1
butterflies , 1
brisk , 1
courageous , 1
towers , 1
steeples , 1
dose , 1
forgave , 1
extend , 1
points , 1
twined , 1
headlong , 1
dizzy , 1
shouldering , 1
handled , 1
injury , 1
policemen , 1
basement , 1
20 , 1
Dainty , 1
China , 1
decisively , 1
Rest , 1
waked , 1
stretch , 1
platter , 1
Scattered , 1
brightest , 1
colors , 1
fangled , 1
barns , 1
EMBONPOINT , 1
chickens , 1
groups , 1
milkmaids , 1
shepherdesses , 1
bodices , 1
princesses , 1
frocks , 1
shepherds , 1
breeches , 1
stripes , 1
buckles , 1
crowns , 1
ermine , 1
robes , 1
doublets , 1
stitched , 1
ruffled , 1
tallest , 1
flattened , 1
unwise , 1
shivers , 1
propriety , 1
clatter , 1
nick , 1
mender , 1
shop , 1
glued , 1
frightening , 1
coats , 1
reproachful , 1
glances , 1
associated , 1
lent , 1
cynicism , 1
clown , 1
Charles , 1
puffing , 1
nodding , 1
saucily , 1
prevented , 1
considerably , 1
cracked , 1
mantel , 1
contentedly , 1
stiffen , 1
mantels , 1
cabinets , 1
tables , 1
begging , 1
scramble , 1
greet , 1
smashed , 1
brittle , 1
damaged , 1
21 , 1
Becomes , 1
bogs , 1
marshes , 1
rank , 1
muddy , 1
wilder , 1
underbrush , 1
clings , 1
rumble , 1
Non , 1
trodden , 1
foxes , 1
judged , 1
assemblage , 1
Welcome , 1
noodles , 1
fuss , 1
crawls , 1
seizes , 1
drags , 1
blubbering , 1
Yonder , 1
oak , 1
forefoot , 1
indication , 1
coarse , 1
pudgy , 1
slender , 1
wasp , 1
conformist , 1
Begone , 1
Jumping , 1
wiggling , 1
22 , 1
safety , 1
formidable , 1
naughtily , 1
supported , 1
relent , 1
boisterous , 1
armless , 1
blackavized , 1
breaks , 1
hillside , 1
temperature , 1
rolling , 1
cannon , 1
bruised , 1
sore , 1
withstand , 1
cuffed , 1
prompt , 1
Carry , 1
vexation , 1
summon , 1
Heavenly , 1
ripening , 1
brooks , 1
rugs , 1
chubby , 1
yellowing , 1
cookies , 1
Thanking , 1
afresh , 1
Below , 1
uniforms , 1
trimmed , 1
approached , 1
23 , 1
Grants , 1
Wish , 1
combed , 1
presentable , 1
delicate , 1
upturned , 1
Bless , 1
Willingly , 1
worries , 1
deprive , 1
Turning , 1
thereafter , 1
evermore , 1
weeping , 1
kissing , 1
whirling , 1
barnyard , 1
barn , 1
24 , 1
cabbages , 1
Mouths , 1
admires , 1
ADVENTURES , 1
WONDERLAND , 1
Lewis , 1
Carroll , 1
skipping , 1
coffee , 1
Hole , 1
gayest , 1
questioning , 1
captains , 1
daisy , 1
beseeching , 1
mutely , 1
TOOK , 1
WATCH , 1
OUT , 1
ITS , 1
WAISTCOAT , 1
POCKET , 1
luring , 1
lust , 1
tunnel , 1
midget , 1
Either , 1
Margery , 1
CHILDREN , 1
labelled , 1
ORANGE , 1
MARMALADE , 1
SHADOW , 1
thins , 1
toe , 1
prams , 1
schoolroom , 1
CARRIED , 1
OFF , 1
downward , 1
Antipathies , 1
claimed , 1
unscrupulous , 1
New , 1
Zealand , 1
Australia , 1
curtsey , 1
CURTSEYING , 1
improperly , 1
Doctors , 1
saucer , 1
Gut , 1
earlier , 1
cane , 1
dreamy , 1
unwritten , 1
lamps , 1
lock , 1
wander , 1
Robin , 1
warfare , 1
telescopes , 1
attacks , 1
wiliness , 1
printed , 1
tape , 1
histories , 1
burnt , 1
chandelier , 1
whites , 1
bleeds , 1
disagree , 1
plump , 1
file , 1
flavour , 1
cherry , 1
tart , 1
pine , 1
apple , 1
turkey , 1
toffee , 1
buttered , 1
toast , 1
lowest , 1
ebb , 1
flame , 1
cheated , 1
bumping , 1
delights , 1
respectable , 1
EAT , 1
currants , 1
Pool , 1
Tears , 1
Curiouser , 1
curiouser , 1
stockade , 1
carrier , 1
summit , 1
RIGHT , 1
FOOT , 1
ESQ , 1
HEARTHRUG , 1
NEAR , 1
FENDER , 1
WITH , 1
LOVE , 1
hopeless , 1
gallons , 1
splendidly , 1
humorously , 1
undulating , 1
tingle , 1
bedding , 1
fanning , 1
puzzle , 1
Ada , 1
tilt , 1
Sunday , 1
thirteen , 1
Multiplication , 1
Table , 1
signify , 1
Geography , 1
await , 1
onslaught , 1
revolvers , 1
nursemaids , 1
rub , 1
Improve , 1
Nile , 1
scale , 1
compact , 1
poky , 1
grim , 1
debonair , 1
wriggle , 1
Tiddlywinks , 1
seaside , 1
flag , 1
coast , 1
machines , 1
skull , 1
spades , 1
lodging , 1
punished , 1
scales , 1
walrus , 1
hippopotamus , 1
Grammar , 1
inquisitively , 1
furry , 1
slam , 1
sarcasm , 1
Ou , 1
est , 1
ma , 1
chatte , 1
lazily , 1
mole , 1
bristling , 1
brutally , 1
HATED , 1
vulgar , 1
terrier , 1
curly , 1
inevitable , 1
pounds , 1
amicably , 1
permanently , 1
hourglass , 1
coyotes , 1
Stuarts , 1
Race , 1
Tale , 1
suspense , 1
paleface , 1
consultation , 1
familiarly , 1
defray , 1
strongly , 1
LL , 1
Ahem , 1
driest , 1
pope , 1
submitted , 1
leaders , 1
usurpation , 1
conquest , 1
muffled , 1
oars , 1
calls , 1
ghastlier , 1
silences , 1
intimation , 1
footed , 1
marching , 1
Stigand , 1
patriotic , 1
procedure , 1
Canterbury , 1
disregarding , 1
pudding , 1
seventeen , 1
crossly , 1
plea , 1
worm , 1
Edgar , 1
Atheling , 1
conduct , 1
moderate , 1
insolence , 1
Normans , 1
adjourn , 1
immediate , 1
adoption , 1
energetic , 1
tittered , 1
audibly , 1
nurses , 1
SOMEBODY , 1
hempen , 1
Shakespeare , 1
EVERYBODY , 1
captainy , 1
hopefully , 1
contrast , 1
luckily , 1
Hand , 1
acceptance , 1
Build , 1
theirs , 1
undone , 1
C , 1
consistent , 1
alertness , 1
prosecute , 1
denial , 1
astounded , 1
cur , 1
Sir , 1
rummage , 1
senses , 1
condemn , 1
hack , 1
fifth , 1
undo , 1
insult , 1
marvel , 1
sniff , 1
snappishly , 1
oyster , 1
civilised , 1
Magpie , 1
wrapping , 1
hew , 1
Canary , 1
pretexts , 1
spirited , 1
peoples , 1
Sends , 1
Chairs , 1
rampagious , 1
incredibly , 1
yielded , 1
dismiss , 1
housemaid , 1
finds , 1
brass , 1
W , 1
RABBIT , 1
engraved , 1
stealthily , 1
fancying , 1
Coming , 1
uncorked , 1
SOMETHING , 1
mocassins , 1
distressfully , 1
kneel , 1
rabbits , 1
HERE , 1
inwards , 1
failure , 1
hillock , 1
frame , 1
fender , 1
smoothed , 1
mapped , 1
diabolical , 1
backwards , 1
Sounds , 1
pronounced , 1
arrum , 1
phlegmatic , 1
fills , 1
whispers , 1
pearl , 1
frames , 1
slipper , 1
amiably , 1
cartwheels , 1
Robt , 1
Nay , 1
Shy , 1
flattered , 1
scrambling , 1
Catch , 1
Brandy , 1
choke , 1
indifferent , 1
flustered , 1
rocket , 1
squatted , 1
tortures , 1
confiding , 1
produced , 1
SOME , 1
treacherous , 1
arranged , 1
fondly , 1
feebly , 1
stretching , 1
obscures , 1
Hardly , 1
yelp , 1
hey , 1
cart , 1
trampled , 1
forwards , 1
buttercup , 1
fanned , 1
teaching , 1
caterpillar , 1
ignore , 1
Advice , 1
supplied , 1
languid , 1
touches , 1
shyly , 1
recognized , 1
MYSELF , 1
chrysalis , 1
dinners , 1
promising , 1
swallowing , 1
incisive , 1
puffed , 1
Dive , 1
HOW , 1
DOTH , 1
BUSY , 1
BEE , 1
Repeat , 1
contrivance , 1
visited , 1
subtle , 1
incessantly , 1
uncommonly , 1
pounded , 1
coddles , 1
sage , 1
supple , 1
ointment , 1
shilling , 1
Allow , 1
tougher , 1
suet , 1
beak , 1
muscular , 1
Has , 1
airs , 1
masters , 1
artifice , 1
DON , 1
forbidding , 1
contradicted , 1
rearing , 1
upright , 1
piteous , 1
helplessly , 1
exposing , 1
swallow , 1
morsel , 1
fatally , 1
stalk , 1
sweeping , 1
agitated , 1
chapped , 1
curving , 1
utterance , 1
hiss , 1
pigeon , 1
Around , 1
casual , 1
subdued , 1
stoutest , 1
hedges , 1
bandage , 1
pleasing , 1
hatching , 1
highest , 1
invent , 1
perfidious , 1
truthful , 1
adding , 1
YOURS , 1
raw , 1
despises , 1
untwist , 1
wits , 1
righthand , 1
VI , 1
Fell , 1
marooned , 1
glade , 1
withdrawn , 1
footmen , 1
powdered , 1
grounds , 1
sedately , 1
producing , 1
Frog , 1
reasons , 1
aboil , 1
acquitted , 1
phalanx , 1
kettle , 1
INSIDE , 1
uncivil , 1
skimming , 1
louder , 1
crazy , 1
cured , 1
variations , 1
Anything , 1
desperately , 1
idiotic , 1
beef , 1
formation , 1
captive , 1
ankles , 1
sneezed , 1
mastered , 1
hearth , 1
grins , 1
stationary , 1
escaping , 1
irons , 1
saucepans , 1
muscle , 1
blows , 1
PLEASE , 1
agony , 1
PRECIOUS , 1
unusually , 1
saucepan , 1
minded , 1
axis , 1
Talking , 1
glanced , 1
gracefully , 1
Twenty , 1
abide , 1
lullaby , 1
tradition , 1
teases , 1
upheld , 1
simpler , 1
pinafore , 1
massacre , 1
frying , 1
pan , 1
snorting , 1
steam , 1
doubling , 1
straightening , 1
depended , 1
murder , 1
souring , 1
grunt , 1
expressing , 1
snout , 1
unavenged , 1
NO , 1
football , 1
bough , 1
depends , 1
SOMEWHERE , 1
Lean , 1
Wolf , 1
ablaze , 1
Geo , 1
excitement , 1
hairs , 1
Visit , 1
souls , 1
growls , 1
wags , 1
wag , 1
hatters , 1
Scourie , 1
fig , 1
appearing , 1
vanishing , 1
Chas , 1
chimneys , 1
thatched , 1
VII , 1
Mad , 1
Tea , 1
impassive , 1
Alsatian , 1
elbows , 1
PLENTY , 1
Foggerty , 1
severity , 1
tomahawk , 1
raven , 1
desk , 1
ultimately , 1
ravens , 1
desks , 1
works , 1
remnant , 1
sweetened , 1
grumbled , 1
readily , 1
boarding , 1
wearily , 1
wonderfully , 1
dwelling , 1
Half , 1
quarrelled , 1
tactics , 1
historian , 1
butchered , 1
whim , 1
gripping , 1
Like , 1
tray , 1
bawled , 1
murdering , 1
whiles , 1
acquaint , 1
proposal , 1
opponents , 1
Rabbits , 1
Elsie , 1
Lacie , 1
Tillie , 1
openly , 1
LESS , 1
avail , 1
Sh , 1
sh , 1
consented , 1
beset , 1
unwillingly , 1
offend , 1
eh , 1
choosing , 1
exception , 1
doze , 1
traps , 1
nameless , 1
rudeness , 1
teapot , 1
THERE , 1
stupidest , 1
leading , 1
unlocking , 1
THEN , 1
VIII , 1
Croquet , 1
Ground , 1
reprovingly , 1
withhold , 1
jogged , 1
ruffian , 1
tulip , 1
onions , 1
unjust , 1
chanced , 1
RED , 1
afore , 1
nuisance , 1
clubs , 1
oblong , 1
reluctant , 1
bold , 1
reconnoitre , 1
couples , 1
Queens , 1
tolerant , 1
triumphant , 1
KING , 1
Fain , 1
QUEEN , 1
HEARTS , 1
processions , 1
Idiot , 1
THESE , 1
rosetree , 1
glaring , 1
Nonsense , 1
mossy , 1
gurgled , 1
meanwhile , 1
execute , 1
protection , 1
sap , 1
boxed , 1
hush , 1
ridges , 1
furrows , 1
cram , 1
mallets , 1
female , 1
managing , 1
comfortably , 1
cutlasses , 1
provoking , 1
discreet , 1
ridge , 1
furrow , 1
squinted , 1
ferret , 1
furious , 1
Elation , 1
beheading , 1
complaining , 1
quarrel , 1
oneself , 1
attends , 1
croqueted , 1
king , 1
solitary , 1
croqueting , 1
enigma , 1
settle , 1
arguments , 1
HIS , 1
weren , 1
followers , 1
fading , 1
IX , 1
wanting , 1
companionship , 1
Story , 1
affectionately , 1
AT , 1
substance , 1
sheer , 1
Maybe , 1
stodgy , 1
vinegar , 1
sour , 1
camomile , 1
barley , 1
stingy , 1
squeezed , 1
delectable , 1
Somebody , 1
minding , 1
morals , 1
smoked , 1
greedily , 1
Birds , 1
Right , 1
mineral , 1
vegetable , 1
Thinking , 1
linked , 1
thunderstorm , 1
delay , 1
sentenced , 1
pardoned , 1
Luff , 1
PAN , 1
executes , 1
tends , 1
pitied , 1
EVEN , 1
exclamation , 1
Hjckrrh , 1
Gay , 1
lubber , 1
Drive , 1
mayn , 1
educations , 1
VE , 1
extras , 1
OURS , 1
WASHING , 1
insecurity , 1
Reeling , 1
Writhing , 1
Arithmetic , 1
Ambition , 1
Distraction , 1
pertinacity , 1
Derision , 1
uglifying , 1
beautify , 1
uglify , 1
simpleton , 1
persistance , 1
flappers , 1
ancient , 1
Seaography , 1
vindictiveness , 1
conger , 1
Stretching , 1
Fainting , 1
Coils , 1
Hadn , 1
Classics , 1
crab , 1
Laughing , 1
Grief , 1
Ten , 1
lessen , 1
eleventh , 1
twelfth , 1
X , 1
relentless , 1
malignant , 1
flapper , 1
Same , 1
punching , 1
goaded , 1
Seals , 1
salmon , 1
jelly , 1
frenzy , 1
retire , 1
capering , 1
Change , 1
dropping , 1
forepaws , 1
engaging , 1
Kindergarten , 1
woe , 1
shingle , 1
Too , 1
askance , 1
scaly , 1
France , 1
dinn , 1
Dinn , 1
DOES , 1
BOOTS , 1
SHOES , 1
shiny , 1
blacking , 1
Soles , 1
eels , 1
shrimp , 1
Wouldn , 1
impatient , 1
explanations , 1
gained , 1
listeners , 1
TIS , 1
VOICE , 1
SLUGGARD , 1
duck , 1
eyelids , 1
Trims , 1
buttons , 1
bush , 1
lark , 1
rhubarb , 1
Shark , 1
sharks , 1
tremulous , 1
uncommon , 1
EVER , 1
nerves , 1
disobey , 1
resistance , 1
sharing , 1
Roses , 1
gravy , 1
received , 1
fork , 1
banquet , 1
Hm , 1
accounting , 1
Sing , 1
Waiting , 1
tureen , 1
dainties , 1
dangerously , 1
tool , 1
Quickly , 1
lagoons , 1
spanking , 1
insect , 1
Game , 1
Quite , 1
beauti , 1
FUL , 1
SOUP , 1
Chorus , 1
XI , 1
Stole , 1
Tarts , 1
chains , 1
Babies , 1
tragedies , 1
sparrow , 1
thinnest , 1
refreshments , 1
frontispiece , 1
tricked , 1
Stupid , 1
neighbour , 1
muddle , 1
juror , 1
Herald , 1
accusation , 1
scruple , 1
Ware , 1
hesitate , 1
ram , 1
Fourteenth , 1
Fifteenth , 1
Sixteenth , 1
dates , 1
Stolen , 1
memorandum , 1
hatter , 1
shifting , 1
reasonable , 1
hooked , 1
unsatisfactory , 1
dunce , 1
mouthed , 1
denies , 1
appealing , 1
speaker , 1
outstretched , 1
canvas , 1
newspapers , 1
trials , 1
attempts , 1
SIT , 1
Shan , 1
pandemonium , 1
Collar , 1
Behead , 1
Suppress , 1
Pinch , 1
gust , 1
ache , 1
fumbled , 1
YET , 1
Imagine , 1
XII , 1
Evidence , 1
flurry , 1
upsetting , 1
mutual , 1
sprawling , 1
reminding , 1
globe , 1
avidly , 1
accidentally , 1
BEG , 1
downwards , 1
signifies , 1
pencils , 1
diligently , 1
overcome , 1
WHATEVER , 1
soil , 1
cos , 1
cackled , 1
Forty , 1
PERSONS , 1
THAN , 1
MILE , 1
HIGH , 1
LEAVE , 1
COURT , 1
Nearly , 1
oldest , 1
Number , 1
OUTSIDE , 1
Mumps , 1
handwriting , 1
PROVES , 1
guilt , 1
Read , 1
Begin , 1
Involved , 1
trusts , 1
Him , 1
Between , 1
sixpence , 1
inaudibly , 1
saves , 1
SWIM , 1
cardboard , 1
WE , 1
KNOW , 1
BE , 1
enjoined , 1
rounder , 1
RETURNED , 1
FROM , 1
clearer , 1
BEFORE , 1
HAD , 1
disclose , 1
fits , 1
inkstand , 1
trickling , 1
pun , 1
Sentence , 1
Stuff , 1
brushing , 1
clasped , 1
rustled , 1
splashed , 1
neighbouring , 1
Ahoy , 1
shared , 1
choking , 1
wickedness , 1
rustling , 1
reeds , 1
shepherd , 1
clamour , 1
farm , 1
lowing , 1
cattle , 1
Lastly , 1
pictured , 1
riper , 1
THEIR , 1
sorrows , 1
joys , 1
